#
# TABLE STRUCTURE FOR: media
#

DROP TABLE IF EXISTS `media`;

CREATE TABLE `media` (
  `id` bigint(20) unsigned NOT NULL AUTO_INCREMENT,
  `media_type_id` bigint(20) unsigned DEFAULT NULL,
  `user_id` bigint(20) unsigned NOT NULL,
  `body` text COLLATE utf8mb4_unicode_ci DEFAULT NULL,
  `filename` varchar(255) COLLATE utf8mb4_unicode_ci DEFAULT NULL,
  `size` int(11) DEFAULT NULL,
  `metadata` longtext CHARACTER SET utf8mb4 COLLATE utf8mb4_bin DEFAULT NULL CHECK (json_valid(`metadata`)),
  `created_at` datetime DEFAULT current_timestamp(),
  `updated_at` datetime DEFAULT current_timestamp() ON UPDATE current_timestamp(),
  PRIMARY KEY (`id`),
  KEY `user_id` (`user_id`),
  KEY `media_type_id` (`media_type_id`),
  CONSTRAINT `media_ibfk_1` FOREIGN KEY (`user_id`) REFERENCES `users` (`id`) ON DELETE CASCADE ON UPDATE CASCADE,
  CONSTRAINT `media_ibfk_2` FOREIGN KEY (`media_type_id`) REFERENCES `media_types` (`id`) ON DELETE SET NULL ON UPDATE CASCADE
) ENGINE=InnoDB AUTO_INCREMENT=101 DEFAULT CHARSET=utf8mb4 COLLATE=utf8mb4_unicode_ci;

INSERT INTO `media` (`id`, `media_type_id`, `user_id`, `body`, `filename`, `size`, `metadata`, `created_at`, `updated_at`) VALUES ('1', '41', '1', 'Sint perferendis et esse est qui deleniti voluptas. Vitae et repellendus facere porro ut neque nobis consequuntur. Expedita nesciunt nihil et ea impedit asperiores architecto rerum. Voluptates autem a quidem.', 'non', 0, NULL, '1989-04-01 18:45:16', '2014-09-01 00:06:46');
INSERT INTO `media` (`id`, `media_type_id`, `user_id`, `body`, `filename`, `size`, `metadata`, `created_at`, `updated_at`) VALUES ('2', '42', '2', 'Placeat est sed molestias ipsum mollitia eos vero. Natus ullam harum veritatis officiis dolores minima. A quidem omnis recusandae ut asperiores.', 'officiis', 475389818, NULL, '2010-01-11 17:38:28', '1983-12-01 23:43:56');
INSERT INTO `media` (`id`, `media_type_id`, `user_id`, `body`, `filename`, `size`, `metadata`, `created_at`, `updated_at`) VALUES ('3', '50', '3', 'Sunt accusamus maiores et quia. Fuga earum quasi officiis consequatur cumque officiis eum. Quisquam nesciunt ut vitae. Quasi ut est dolor quia quas.', 'nihil', 50, NULL, '2018-07-24 16:35:09', '2012-08-10 13:26:30');
INSERT INTO `media` (`id`, `media_type_id`, `user_id`, `body`, `filename`, `size`, `metadata`, `created_at`, `updated_at`) VALUES ('4', '68', '4', 'Est at numquam at sed perspiciatis occaecati quibusdam. Ut molestiae itaque eaque aut voluptate. Excepturi est quae molestiae error et aspernatur. Dolorem enim libero harum culpa adipisci deleniti.', 'velit', 42173713, NULL, '1991-12-10 22:24:07', '1986-04-26 06:37:24');
INSERT INTO `media` (`id`, `media_type_id`, `user_id`, `body`, `filename`, `size`, `metadata`, `created_at`, `updated_at`) VALUES ('5', '38', '5', 'Aut eligendi nisi voluptate rerum amet ut saepe. Debitis animi quisquam voluptas nemo eaque. Est voluptates minus aut ipsam fuga esse.', 'laborum', 367866307, NULL, '1982-09-27 21:50:51', '2002-02-25 08:15:50');
INSERT INTO `media` (`id`, `media_type_id`, `user_id`, `body`, `filename`, `size`, `metadata`, `created_at`, `updated_at`) VALUES ('6', '5', '6', 'Cum totam tempore ea voluptate expedita minus. Incidunt consequatur possimus accusamus commodi molestiae. Est illum porro non error nemo id. Harum vel harum ut omnis accusantium qui.', 'dolores', 308818657, NULL, '1973-05-10 18:36:38', '1987-06-13 20:48:49');
INSERT INTO `media` (`id`, `media_type_id`, `user_id`, `body`, `filename`, `size`, `metadata`, `created_at`, `updated_at`) VALUES ('7', '12', '7', 'Enim alias consequuntur repellendus magni id. Ipsam suscipit laudantium et et possimus quia. Pariatur error tempore ducimus hic ea aut voluptas. Eius veritatis dolorem et praesentium consequuntur.', 'velit', 91827, NULL, '2008-10-09 15:35:00', '2008-07-17 23:26:16');
INSERT INTO `media` (`id`, `media_type_id`, `user_id`, `body`, `filename`, `size`, `metadata`, `created_at`, `updated_at`) VALUES ('8', '18', '8', 'Aliquam officiis non voluptatibus expedita hic dicta consequuntur. Iure ut qui suscipit recusandae perspiciatis molestias quibusdam. Modi et exercitationem at dolorum dolor possimus. Ducimus ut magni consectetur sit neque. Quis est numquam assumenda est voluptatum placeat dolores.', 'vel', 1758932, NULL, '2008-03-05 16:57:13', '1974-12-03 19:10:12');
INSERT INTO `media` (`id`, `media_type_id`, `user_id`, `body`, `filename`, `size`, `metadata`, `created_at`, `updated_at`) VALUES ('9', '16', '9', 'Est ut laudantium ipsum tenetur reiciendis. Quae qui nihil dolores impedit possimus similique quos ea. Quis quod nulla maxime porro.', 'quos', 1, NULL, '1982-10-17 01:28:58', '1977-11-23 16:20:55');
INSERT INTO `media` (`id`, `media_type_id`, `user_id`, `body`, `filename`, `size`, `metadata`, `created_at`, `updated_at`) VALUES ('10', '16', '10', 'Eveniet reprehenderit quibusdam accusantium. Incidunt sit corrupti vel eos. Suscipit hic nobis voluptas et ut et ut quasi.', 'nemo', 99571960, NULL, '2009-02-09 13:59:57', '1994-08-16 11:14:09');
INSERT INTO `media` (`id`, `media_type_id`, `user_id`, `body`, `filename`, `size`, `metadata`, `created_at`, `updated_at`) VALUES ('11', '36', '11', 'Illo qui culpa ipsum aut occaecati enim quas corrupti. Repudiandae corporis modi quaerat ipsa. At nemo et debitis blanditiis pariatur.', 'enim', 7926120, NULL, '2004-07-16 22:35:54', '2003-07-28 00:33:24');
INSERT INTO `media` (`id`, `media_type_id`, `user_id`, `body`, `filename`, `size`, `metadata`, `created_at`, `updated_at`) VALUES ('12', '39', '12', 'Eum voluptas assumenda quia nulla. Eveniet quia placeat sed maxime possimus ullam.', 'doloremque', 311475048, NULL, '1971-11-17 15:54:30', '1996-10-07 03:08:02');
INSERT INTO `media` (`id`, `media_type_id`, `user_id`, `body`, `filename`, `size`, `metadata`, `created_at`, `updated_at`) VALUES ('13', '7', '13', 'Dolor sapiente odio aliquid atque vel laboriosam. Eos hic voluptatem hic velit. Alias velit vel eveniet in quo eos et rerum. Nihil provident error beatae cum accusantium.', 'eum', 6695, NULL, '2012-06-28 16:25:52', '2022-04-06 10:14:24');
INSERT INTO `media` (`id`, `media_type_id`, `user_id`, `body`, `filename`, `size`, `metadata`, `created_at`, `updated_at`) VALUES ('14', '28', '14', 'Sit officia qui iste dolorem pariatur nisi. Dolores est recusandae velit vel excepturi at. Quis assumenda doloribus quod maiores sit assumenda.', 'praesentium', 682825, NULL, '1986-10-16 04:55:17', '2007-07-21 08:20:17');
INSERT INTO `media` (`id`, `media_type_id`, `user_id`, `body`, `filename`, `size`, `metadata`, `created_at`, `updated_at`) VALUES ('15', '92', '15', 'Est nobis possimus reprehenderit et. Unde velit omnis alias quo est blanditiis earum itaque. Neque assumenda sapiente eum nisi. Aspernatur eligendi quia ipsa vero fugit nam.', 'minima', 69279290, NULL, '1976-11-19 08:02:02', '2012-04-13 13:46:46');
INSERT INTO `media` (`id`, `media_type_id`, `user_id`, `body`, `filename`, `size`, `metadata`, `created_at`, `updated_at`) VALUES ('16', '86', '16', 'Ducimus autem nobis temporibus optio laudantium aliquid magni. Adipisci sit voluptatibus non est non sed. Earum blanditiis beatae odit. Et facilis ut optio eius repellat non et. Optio ipsam reprehenderit ab praesentium labore vero.', 'labore', 80227522, NULL, '1990-08-01 09:24:28', '1994-03-16 19:32:16');
INSERT INTO `media` (`id`, `media_type_id`, `user_id`, `body`, `filename`, `size`, `metadata`, `created_at`, `updated_at`) VALUES ('17', '6', '17', 'Laborum fugiat sint cum necessitatibus suscipit veritatis sunt. Alias vel distinctio soluta beatae vel eos.', 'temporibus', 5877, NULL, '1983-02-08 19:04:50', '1990-08-08 09:40:50');
INSERT INTO `media` (`id`, `media_type_id`, `user_id`, `body`, `filename`, `size`, `metadata`, `created_at`, `updated_at`) VALUES ('18', '34', '18', 'Commodi et nihil qui accusamus atque velit. Quibusdam aliquid quia fugit pariatur ut. Nihil occaecati quia accusantium sequi dolorum. Adipisci quis numquam ut voluptatibus aliquam ut nihil.', 'maxime', 553527, NULL, '2007-08-17 08:35:11', '1977-09-27 11:32:56');
INSERT INTO `media` (`id`, `media_type_id`, `user_id`, `body`, `filename`, `size`, `metadata`, `created_at`, `updated_at`) VALUES ('19', '13', '19', 'Iure maiores aut possimus dolores commodi voluptatem. In odit vel voluptatum vel veritatis consequatur. Saepe iusto tempora id sint voluptas. Et dolores assumenda sapiente ipsam sit non id delectus. Temporibus in sint laboriosam dolorem et quisquam enim.', 'delectus', 601059528, NULL, '2015-02-23 22:37:22', '1993-01-19 04:10:40');
INSERT INTO `media` (`id`, `media_type_id`, `user_id`, `body`, `filename`, `size`, `metadata`, `created_at`, `updated_at`) VALUES ('20', '75', '20', 'Eaque officia est reiciendis quas ea harum animi. Dolorem ex sed optio aliquam ea. Mollitia dolor minima modi quidem id eum. Voluptate labore illum corporis nisi enim alias.', 'ut', 80, NULL, '1986-01-31 20:07:43', '1979-05-20 22:39:33');
INSERT INTO `media` (`id`, `media_type_id`, `user_id`, `body`, `filename`, `size`, `metadata`, `created_at`, `updated_at`) VALUES ('21', '66', '21', 'Et harum laudantium et incidunt. Quia commodi vel dolor alias veritatis quisquam amet ut. Consequatur ducimus officiis hic vero id sunt in fugit. Dolor error laudantium maxime ut fuga quia fugiat.', 'molestias', 6, NULL, '1993-03-28 05:00:06', '2009-09-11 13:15:52');
INSERT INTO `media` (`id`, `media_type_id`, `user_id`, `body`, `filename`, `size`, `metadata`, `created_at`, `updated_at`) VALUES ('22', '36', '22', 'Debitis molestias recusandae amet. Aspernatur dolorem excepturi perspiciatis nesciunt. Quia dicta exercitationem aut quos nemo praesentium in magnam.', 'id', 578001133, NULL, '2015-03-06 07:41:31', '2013-01-19 12:29:44');
INSERT INTO `media` (`id`, `media_type_id`, `user_id`, `body`, `filename`, `size`, `metadata`, `created_at`, `updated_at`) VALUES ('23', '32', '23', 'Consequatur excepturi odit libero molestias esse consectetur. Libero necessitatibus vitae esse inventore. Laudantium tenetur aut in et consequatur qui.', 'vitae', 795259, NULL, '2001-09-22 19:25:32', '1981-11-22 15:40:55');
INSERT INTO `media` (`id`, `media_type_id`, `user_id`, `body`, `filename`, `size`, `metadata`, `created_at`, `updated_at`) VALUES ('24', '3', '24', 'Optio ullam maiores adipisci aspernatur. Beatae reiciendis iure ipsam eveniet et. Quas animi quia tempore nostrum in.', 'quibusdam', 1549340, NULL, '2021-09-30 21:17:37', '2008-03-24 02:42:51');
INSERT INTO `media` (`id`, `media_type_id`, `user_id`, `body`, `filename`, `size`, `metadata`, `created_at`, `updated_at`) VALUES ('25', '63', '25', 'In omnis est sed at enim sed veniam. Repellendus aut sint neque. Est libero nesciunt repellat aut quaerat quo voluptatibus. Omnis ipsa occaecati veritatis consequatur est qui numquam. Et dolorem eaque ipsam qui.', 'impedit', 843631, NULL, '2009-09-25 21:55:30', '1998-07-29 09:04:30');
INSERT INTO `media` (`id`, `media_type_id`, `user_id`, `body`, `filename`, `size`, `metadata`, `created_at`, `updated_at`) VALUES ('26', '43', '26', 'Aperiam quibusdam aut dolores aperiam recusandae est quis. Qui veniam omnis nam voluptates. Ratione est officiis a aspernatur odio dolor sint. Iure doloremque amet exercitationem libero qui.', 'labore', 0, NULL, '1987-10-12 09:36:13', '2022-05-04 09:50:59');
INSERT INTO `media` (`id`, `media_type_id`, `user_id`, `body`, `filename`, `size`, `metadata`, `created_at`, `updated_at`) VALUES ('27', '56', '27', 'In accusamus iure non beatae corporis aut numquam. Voluptatem quidem consequatur ut fuga. Quaerat in est in.', 'quia', 63, NULL, '1994-01-31 10:51:05', '2008-05-02 05:35:33');
INSERT INTO `media` (`id`, `media_type_id`, `user_id`, `body`, `filename`, `size`, `metadata`, `created_at`, `updated_at`) VALUES ('28', '44', '28', 'Doloremque facilis nemo voluptatibus. Eum iure id nam illum perferendis neque ab ea. Sequi aut aut non voluptas dolorem impedit ducimus architecto. Et suscipit et iste provident ut qui.', 'mollitia', 631, NULL, '2004-11-03 17:17:01', '1974-02-22 08:06:30');
INSERT INTO `media` (`id`, `media_type_id`, `user_id`, `body`, `filename`, `size`, `metadata`, `created_at`, `updated_at`) VALUES ('29', '78', '29', 'Ea sed praesentium veritatis accusantium. Voluptatem omnis qui rerum hic et et in. Eum eos iure odit suscipit ab quia atque. Et dolores non ullam recusandae sed.', 'nam', 6529, NULL, '1993-06-07 06:11:16', '1986-06-13 02:16:15');
INSERT INTO `media` (`id`, `media_type_id`, `user_id`, `body`, `filename`, `size`, `metadata`, `created_at`, `updated_at`) VALUES ('30', '76', '30', 'Velit temporibus quis est occaecati harum. Nihil perspiciatis velit tempore dolor vitae. Hic atque maxime magni maxime porro. Nisi necessitatibus quia sit laboriosam dolores maiores voluptatem.', 'aperiam', 7230939, NULL, '2022-01-26 02:07:44', '1971-05-24 05:36:44');
INSERT INTO `media` (`id`, `media_type_id`, `user_id`, `body`, `filename`, `size`, `metadata`, `created_at`, `updated_at`) VALUES ('31', '25', '31', 'Porro at cum et sunt aut non. Maxime rerum quae eius in et maiores. Consequatur dolores harum quibusdam autem.', 'voluptas', 750, NULL, '2002-02-14 12:37:40', '2018-07-10 12:34:54');
INSERT INTO `media` (`id`, `media_type_id`, `user_id`, `body`, `filename`, `size`, `metadata`, `created_at`, `updated_at`) VALUES ('32', '13', '32', 'Corporis necessitatibus laborum rerum. Ea laboriosam rem harum veritatis non. Sed sit quia ad accusantium.', 'ab', 9569, NULL, '2017-04-11 14:12:38', '2005-06-17 10:19:42');
INSERT INTO `media` (`id`, `media_type_id`, `user_id`, `body`, `filename`, `size`, `metadata`, `created_at`, `updated_at`) VALUES ('33', '56', '33', 'Voluptas ut et sunt eveniet natus nihil non. Cupiditate saepe sed magni. Possimus accusamus et id et harum eos. Qui recusandae molestiae sit.', 'fugit', 0, NULL, '1976-08-29 07:38:31', '1972-09-12 21:58:52');
INSERT INTO `media` (`id`, `media_type_id`, `user_id`, `body`, `filename`, `size`, `metadata`, `created_at`, `updated_at`) VALUES ('34', '3', '34', 'Enim necessitatibus necessitatibus itaque. Repellendus voluptas nobis sed qui accusantium sed dolor. Voluptas aut nisi debitis placeat officiis consectetur.', 'deserunt', 49, NULL, '1989-01-03 13:26:12', '1970-04-28 15:20:13');
INSERT INTO `media` (`id`, `media_type_id`, `user_id`, `body`, `filename`, `size`, `metadata`, `created_at`, `updated_at`) VALUES ('35', '68', '35', 'Consectetur et enim ullam autem quae. Accusamus laborum nemo minima enim. Ut et tenetur id rem.', 'eos', 30, NULL, '2004-07-08 20:55:43', '1983-06-01 12:12:56');
INSERT INTO `media` (`id`, `media_type_id`, `user_id`, `body`, `filename`, `size`, `metadata`, `created_at`, `updated_at`) VALUES ('36', '25', '36', 'Quaerat inventore laborum facilis expedita qui. Perspiciatis officia accusamus quibusdam nostrum aut. Odio consequatur aut non quia modi omnis.', 'laborum', 84, NULL, '1978-02-09 02:01:51', '1985-02-15 14:26:16');
INSERT INTO `media` (`id`, `media_type_id`, `user_id`, `body`, `filename`, `size`, `metadata`, `created_at`, `updated_at`) VALUES ('37', '93', '37', 'Magni porro qui a ipsum voluptatem. Nam natus et veniam non facilis pariatur. Eligendi eos odit cum et at molestiae quidem. Est voluptatum similique possimus saepe. Aut cum eius fugiat nostrum.', 'quia', 459, NULL, '2010-06-19 17:24:40', '1975-03-02 21:51:33');
INSERT INTO `media` (`id`, `media_type_id`, `user_id`, `body`, `filename`, `size`, `metadata`, `created_at`, `updated_at`) VALUES ('38', '64', '38', 'Eligendi et aut nisi alias commodi qui et rerum. Laborum cum eos sint quam eos maiores. Porro fuga dolor aut nostrum et quo praesentium fuga. Rerum reiciendis impedit voluptatem eos. Tenetur et et qui est.', 'explicabo', 68696, NULL, '1970-03-09 09:27:13', '2014-09-22 19:12:45');
INSERT INTO `media` (`id`, `media_type_id`, `user_id`, `body`, `filename`, `size`, `metadata`, `created_at`, `updated_at`) VALUES ('39', '35', '39', 'Sed nemo sequi ipsum et rerum et quisquam. Voluptas consequatur voluptatem quos modi sit. Cumque quia ullam sequi nihil. Accusantium reiciendis nisi eum.', 'rerum', 841367, NULL, '1979-09-09 07:31:24', '2007-09-06 18:47:19');
INSERT INTO `media` (`id`, `media_type_id`, `user_id`, `body`, `filename`, `size`, `metadata`, `created_at`, `updated_at`) VALUES ('40', '43', '40', 'Enim sed sit inventore eius. Atque rerum omnis impedit optio nobis nihil. Ut velit a inventore porro. Tenetur itaque animi natus consectetur voluptatem maiores consequatur.', 'assumenda', 39797, NULL, '2014-12-03 03:02:30', '2012-01-01 10:48:39');
INSERT INTO `media` (`id`, `media_type_id`, `user_id`, `body`, `filename`, `size`, `metadata`, `created_at`, `updated_at`) VALUES ('41', '43', '41', 'Praesentium quo autem quia quasi inventore sint sunt. Ducimus sed reprehenderit quidem maxime error. Facilis qui iure est sed.', 'minus', 5707282, NULL, '1977-04-01 13:55:48', '1973-09-16 06:37:12');
INSERT INTO `media` (`id`, `media_type_id`, `user_id`, `body`, `filename`, `size`, `metadata`, `created_at`, `updated_at`) VALUES ('42', '65', '42', 'Aliquid quidem ipsam doloribus et ut. At sunt assumenda dolor rerum illum dolor. Non est at possimus blanditiis perspiciatis.', 'laboriosam', 36, NULL, '1974-09-30 16:21:52', '1973-05-05 10:11:39');
INSERT INTO `media` (`id`, `media_type_id`, `user_id`, `body`, `filename`, `size`, `metadata`, `created_at`, `updated_at`) VALUES ('43', '97', '43', 'Doloremque officiis enim optio exercitationem est qui. Expedita eum incidunt dolor. Quibusdam rerum eum sint voluptate. Cum et dolor fugit eius.', 'delectus', 72, NULL, '2023-02-19 07:46:30', '2021-05-06 10:04:26');
INSERT INTO `media` (`id`, `media_type_id`, `user_id`, `body`, `filename`, `size`, `metadata`, `created_at`, `updated_at`) VALUES ('44', '17', '44', 'Repellat hic facere molestiae iusto tenetur fugiat exercitationem. Ipsum reprehenderit et modi pariatur aut cum. Animi corporis rem rerum commodi. Vero voluptatem quo sit blanditiis cumque accusantium aut.', 'fuga', 192018500, NULL, '1992-04-15 08:00:15', '2001-05-26 03:04:21');
INSERT INTO `media` (`id`, `media_type_id`, `user_id`, `body`, `filename`, `size`, `metadata`, `created_at`, `updated_at`) VALUES ('45', '47', '45', 'Dolor aut quis eum et aut harum optio. Recusandae voluptatem rerum molestias mollitia et modi dolorum. Illo quis omnis dolor incidunt molestias accusantium nesciunt.', 'qui', 7371, NULL, '2018-03-11 23:18:48', '1980-10-10 06:51:34');
INSERT INTO `media` (`id`, `media_type_id`, `user_id`, `body`, `filename`, `size`, `metadata`, `created_at`, `updated_at`) VALUES ('46', '8', '46', 'Qui totam quaerat nobis corporis. Autem vitae aperiam quisquam. Qui sunt est iure architecto et et placeat. Iste beatae architecto est in atque quas.', 'qui', 835189, NULL, '2018-04-07 01:45:45', '1973-03-05 04:05:06');
INSERT INTO `media` (`id`, `media_type_id`, `user_id`, `body`, `filename`, `size`, `metadata`, `created_at`, `updated_at`) VALUES ('47', '67', '47', 'Consequatur quos voluptas voluptas ipsam deleniti. Velit ut provident id debitis. Blanditiis fugit dolores quam veritatis fuga.', 'officia', 735292102, NULL, '1976-06-21 12:32:17', '1981-01-16 16:28:04');
INSERT INTO `media` (`id`, `media_type_id`, `user_id`, `body`, `filename`, `size`, `metadata`, `created_at`, `updated_at`) VALUES ('48', '25', '48', 'Qui tenetur ab dolor. Eos incidunt veniam qui veniam voluptatibus ex. Ut voluptatem soluta dicta voluptatibus autem.', 'sed', 487, NULL, '2021-02-20 20:11:47', '1973-07-19 14:15:22');
INSERT INTO `media` (`id`, `media_type_id`, `user_id`, `body`, `filename`, `size`, `metadata`, `created_at`, `updated_at`) VALUES ('49', '57', '49', 'Nam illum inventore aut officiis officia voluptatibus ab. Itaque fugit et voluptas sit ipsam. Eaque est et sed aut. Est temporibus provident neque architecto.', 'sed', 5179, NULL, '2006-04-17 00:56:46', '1983-07-14 21:23:19');
INSERT INTO `media` (`id`, `media_type_id`, `user_id`, `body`, `filename`, `size`, `metadata`, `created_at`, `updated_at`) VALUES ('50', '6', '50', 'Quia itaque amet et sapiente debitis. Veritatis omnis ut laudantium harum eaque exercitationem vel autem. Voluptate aut modi qui maxime quo reiciendis est quia. Qui vel et sed nemo.', 'aut', 98, NULL, '1980-10-27 18:47:40', '2022-05-30 02:57:34');
INSERT INTO `media` (`id`, `media_type_id`, `user_id`, `body`, `filename`, `size`, `metadata`, `created_at`, `updated_at`) VALUES ('51', '100', '51', 'A quis possimus ut in. Hic iusto ea alias reiciendis quo maxime.', 'possimus', 19, NULL, '1971-07-11 09:36:28', '2008-06-27 16:30:08');
INSERT INTO `media` (`id`, `media_type_id`, `user_id`, `body`, `filename`, `size`, `metadata`, `created_at`, `updated_at`) VALUES ('52', '75', '52', 'Voluptatum et ipsum ut fuga vero qui. Quae sed voluptatem unde doloribus voluptas voluptatem est eum.', 'et', 7908, NULL, '2018-11-28 22:35:28', '1972-06-13 21:39:13');
INSERT INTO `media` (`id`, `media_type_id`, `user_id`, `body`, `filename`, `size`, `metadata`, `created_at`, `updated_at`) VALUES ('53', '42', '53', 'Nihil harum qui hic a quasi et. Ad iste excepturi dolores omnis sit quia. Qui animi voluptatem unde illo eligendi provident ut vel. Aliquid et animi enim. Et ut architecto qui et at.', 'illo', 71963, NULL, '1973-05-06 15:02:50', '1975-06-09 08:53:52');
INSERT INTO `media` (`id`, `media_type_id`, `user_id`, `body`, `filename`, `size`, `metadata`, `created_at`, `updated_at`) VALUES ('54', '64', '54', 'Et placeat natus sed libero quo nulla optio. Molestias officia pariatur qui est id amet impedit et. Ut in harum voluptas natus quaerat id. Nobis ea sed ut tempora omnis optio eligendi. Quis ut commodi consequatur laboriosam ad ea.', 'velit', 82144796, NULL, '2008-08-15 05:44:47', '1982-01-06 02:08:40');
INSERT INTO `media` (`id`, `media_type_id`, `user_id`, `body`, `filename`, `size`, `metadata`, `created_at`, `updated_at`) VALUES ('55', '47', '55', 'Nobis voluptas incidunt odit id et voluptas et. Vel modi ut voluptatem perferendis suscipit praesentium nostrum. Voluptas doloribus aut placeat corporis illo alias nihil.', 'in', 65615, NULL, '2019-06-13 10:45:38', '2007-04-26 04:14:22');
INSERT INTO `media` (`id`, `media_type_id`, `user_id`, `body`, `filename`, `size`, `metadata`, `created_at`, `updated_at`) VALUES ('56', '87', '56', 'Voluptatibus in neque iusto ut cum deserunt exercitationem. Molestiae sint omnis voluptatem iure non. Beatae repellat ea est impedit et.', 'molestias', 8, NULL, '2010-07-26 04:04:22', '2009-12-04 07:05:57');
INSERT INTO `media` (`id`, `media_type_id`, `user_id`, `body`, `filename`, `size`, `metadata`, `created_at`, `updated_at`) VALUES ('57', '22', '57', 'Architecto et quis optio consequuntur officiis. Vero asperiores aperiam doloremque distinctio harum nihil voluptatum. Esse est voluptas blanditiis. Autem hic ut laboriosam dolores maiores sequi.', 'quibusdam', 7918, NULL, '1999-12-26 13:54:15', '2015-02-21 10:43:49');
INSERT INTO `media` (`id`, `media_type_id`, `user_id`, `body`, `filename`, `size`, `metadata`, `created_at`, `updated_at`) VALUES ('58', '40', '58', 'Sint quia autem placeat aut ut sapiente aspernatur id. Aut voluptas nesciunt rerum aperiam et similique aliquam. Velit sapiente aut aliquam. Molestiae saepe iste repellendus dolores qui quisquam eligendi.', 'saepe', 59032316, NULL, '1994-09-12 01:04:35', '1983-12-05 05:27:35');
INSERT INTO `media` (`id`, `media_type_id`, `user_id`, `body`, `filename`, `size`, `metadata`, `created_at`, `updated_at`) VALUES ('59', '95', '59', 'Necessitatibus vitae consequatur sed at. Dolore cumque cumque corrupti sed. Quia in quisquam cupiditate et sunt explicabo.', 'deleniti', 9868441, NULL, '2018-08-30 20:02:44', '2022-01-04 07:28:41');
INSERT INTO `media` (`id`, `media_type_id`, `user_id`, `body`, `filename`, `size`, `metadata`, `created_at`, `updated_at`) VALUES ('60', '33', '60', 'Sapiente qui similique aut et sint. Repellendus velit necessitatibus velit dignissimos accusamus. Rerum et pariatur inventore distinctio possimus voluptate. Aperiam ipsa possimus labore enim atque inventore nostrum.', 'ratione', 4, NULL, '1996-04-11 03:36:14', '1984-06-06 10:07:17');
INSERT INTO `media` (`id`, `media_type_id`, `user_id`, `body`, `filename`, `size`, `metadata`, `created_at`, `updated_at`) VALUES ('61', '57', '61', 'Quis accusantium sunt tempore fuga numquam veritatis impedit. Ut autem voluptatem et a voluptas. Expedita aut eaque rerum quia blanditiis deleniti delectus. Laborum excepturi ipsam fuga et.', 'sed', 7359041, NULL, '2011-02-27 04:48:19', '1983-09-11 05:10:40');
INSERT INTO `media` (`id`, `media_type_id`, `user_id`, `body`, `filename`, `size`, `metadata`, `created_at`, `updated_at`) VALUES ('62', '81', '62', 'Et in quia non nemo quam exercitationem. Vel optio a quidem magni quibusdam vero. Dolor harum iste voluptate corrupti cupiditate. Quis similique consequatur quas sit repudiandae non sunt aut.', 'est', 0, NULL, '2012-10-04 07:51:08', '2000-10-03 04:52:16');
INSERT INTO `media` (`id`, `media_type_id`, `user_id`, `body`, `filename`, `size`, `metadata`, `created_at`, `updated_at`) VALUES ('63', '95', '63', 'Quia magni pariatur qui magni mollitia deleniti pariatur. Ratione quisquam ut pariatur ut voluptas voluptatem beatae et. Officia quia voluptate sit nemo quae. Vel a voluptatem et est adipisci id et architecto.', 'quos', 1376, NULL, '1990-03-03 23:21:43', '1978-12-15 12:35:43');
INSERT INTO `media` (`id`, `media_type_id`, `user_id`, `body`, `filename`, `size`, `metadata`, `created_at`, `updated_at`) VALUES ('64', '60', '64', 'Dolor rerum et et iusto blanditiis. Soluta inventore adipisci totam. Illum qui optio dignissimos necessitatibus. Et quidem eius excepturi quas incidunt sunt.', 'illo', 0, NULL, '1979-10-11 01:47:09', '1991-10-30 20:14:58');
INSERT INTO `media` (`id`, `media_type_id`, `user_id`, `body`, `filename`, `size`, `metadata`, `created_at`, `updated_at`) VALUES ('65', '66', '65', 'Id accusantium quisquam molestias qui et sint enim. At et culpa deserunt dolorem expedita. Animi ex soluta officiis voluptatem consequatur repellat. Beatae voluptate quae quidem ad.', 'nulla', 63016395, NULL, '2022-04-13 10:50:48', '1990-05-27 02:39:33');
INSERT INTO `media` (`id`, `media_type_id`, `user_id`, `body`, `filename`, `size`, `metadata`, `created_at`, `updated_at`) VALUES ('66', '26', '66', 'Odio ex quia qui laboriosam sed ut nam. Maiores tempora quia libero neque aut voluptatibus consectetur. Voluptatem est culpa ratione suscipit sequi pariatur. Temporibus qui qui qui. Maxime explicabo doloribus et reiciendis aliquam impedit natus.', 'exercitationem', 36630, NULL, '1977-02-09 11:31:17', '2009-05-03 15:47:55');
INSERT INTO `media` (`id`, `media_type_id`, `user_id`, `body`, `filename`, `size`, `metadata`, `created_at`, `updated_at`) VALUES ('67', '16', '67', 'Sunt reiciendis tenetur incidunt odit sit. Libero sed voluptatem neque est architecto. Aspernatur porro iure natus distinctio. Fuga earum est aut aut voluptatum aperiam ipsa itaque.', 'autem', 506204, NULL, '2006-06-25 04:30:50', '1970-08-26 17:30:34');
INSERT INTO `media` (`id`, `media_type_id`, `user_id`, `body`, `filename`, `size`, `metadata`, `created_at`, `updated_at`) VALUES ('68', '97', '68', 'Ea non qui doloribus repellat. Ex sequi est aut qui in. A architecto laborum nihil itaque corporis sint.', 'odio', 398, NULL, '1990-07-17 20:57:30', '1979-01-30 17:56:25');
INSERT INTO `media` (`id`, `media_type_id`, `user_id`, `body`, `filename`, `size`, `metadata`, `created_at`, `updated_at`) VALUES ('69', '94', '69', 'Nesciunt neque nihil aspernatur aut ducimus explicabo. Iusto asperiores porro dolor vitae. Quis neque corporis deserunt quis. Dolorem qui nisi deleniti iusto modi quas.', 'dolore', 4961, NULL, '1975-09-19 10:15:56', '1991-04-17 22:35:32');
INSERT INTO `media` (`id`, `media_type_id`, `user_id`, `body`, `filename`, `size`, `metadata`, `created_at`, `updated_at`) VALUES ('70', '61', '70', 'Ducimus architecto tempore ipsa pariatur. Quas et autem aut perspiciatis. Quo odio et quia incidunt. Quo voluptate sit quidem dolorem praesentium accusantium aut.', 'deleniti', 3532, NULL, '1989-12-31 21:40:07', '2015-12-04 10:12:08');
INSERT INTO `media` (`id`, `media_type_id`, `user_id`, `body`, `filename`, `size`, `metadata`, `created_at`, `updated_at`) VALUES ('71', '7', '71', 'Repellat pariatur eum qui quas illum sint magnam. Est molestiae explicabo atque perspiciatis aut commodi dolor.', 'est', 56458, NULL, '2021-07-27 16:07:38', '1991-04-04 17:20:27');
INSERT INTO `media` (`id`, `media_type_id`, `user_id`, `body`, `filename`, `size`, `metadata`, `created_at`, `updated_at`) VALUES ('72', '85', '72', 'Voluptatum similique doloribus expedita hic illo cumque distinctio. Et a non illum quae. Delectus aspernatur qui ab dolorum dignissimos rerum labore amet. Inventore nostrum eligendi aspernatur eos.', 'aspernatur', 481206, NULL, '2023-02-04 12:55:41', '2018-07-21 09:03:06');
INSERT INTO `media` (`id`, `media_type_id`, `user_id`, `body`, `filename`, `size`, `metadata`, `created_at`, `updated_at`) VALUES ('73', '94', '73', 'Est deleniti debitis quibusdam. Cum pariatur et commodi quos alias repudiandae mollitia labore. In voluptatem esse odit cupiditate dolorem.', 'molestiae', 2064836, NULL, '1997-07-16 10:27:55', '1995-07-15 23:46:56');
INSERT INTO `media` (`id`, `media_type_id`, `user_id`, `body`, `filename`, `size`, `metadata`, `created_at`, `updated_at`) VALUES ('74', '39', '74', 'Dolor assumenda iste commodi sit nemo et modi. Minima nostrum maxime aliquam eveniet laborum maiores asperiores. Debitis illum error suscipit sit voluptate aut. Accusantium officiis ex itaque illo ab non.', 'voluptates', 94, NULL, '1975-02-04 19:10:44', '1998-02-06 09:07:33');
INSERT INTO `media` (`id`, `media_type_id`, `user_id`, `body`, `filename`, `size`, `metadata`, `created_at`, `updated_at`) VALUES ('75', '84', '75', 'Suscipit voluptatem itaque cumque quod ducimus. Voluptate iusto quod non rerum non a assumenda. Praesentium iure hic et qui est.', 'voluptates', 89807, NULL, '2000-07-17 10:06:41', '1977-07-22 09:46:06');
INSERT INTO `media` (`id`, `media_type_id`, `user_id`, `body`, `filename`, `size`, `metadata`, `created_at`, `updated_at`) VALUES ('76', '36', '76', 'Corporis ut iusto iure sit. Culpa quia qui voluptatibus. Est necessitatibus velit fuga corrupti non repudiandae quis. Quas quos quas molestiae sed suscipit.', 'ut', 956986791, NULL, '1998-03-03 22:08:48', '1998-12-06 23:15:53');
INSERT INTO `media` (`id`, `media_type_id`, `user_id`, `body`, `filename`, `size`, `metadata`, `created_at`, `updated_at`) VALUES ('77', '76', '77', 'Autem delectus commodi consequatur ea ratione eius blanditiis. Iusto voluptas minus praesentium eos nihil aut. Modi dolores neque totam recusandae dolorum ipsum. Quae similique velit corrupti neque commodi ipsam quae ipsa.', 'accusantium', 9, NULL, '1992-04-07 15:45:56', '1977-01-11 18:16:51');
INSERT INTO `media` (`id`, `media_type_id`, `user_id`, `body`, `filename`, `size`, `metadata`, `created_at`, `updated_at`) VALUES ('78', '2', '78', 'Illum ducimus sunt ratione quae qui voluptas. Laborum sed voluptatem non architecto sint exercitationem rerum. Perferendis fugiat in officia.', 'eum', 6910, NULL, '2016-10-17 05:47:09', '1983-08-04 02:23:17');
INSERT INTO `media` (`id`, `media_type_id`, `user_id`, `body`, `filename`, `size`, `metadata`, `created_at`, `updated_at`) VALUES ('79', '44', '79', 'Repudiandae natus dignissimos similique tempora doloribus sit. Culpa et ea cupiditate quas ducimus dolor autem. Voluptates accusamus quisquam qui sit sed. Voluptatem consectetur nihil perspiciatis blanditiis ut. Ipsa laboriosam voluptas ea qui voluptas.', 'dolorem', 4, NULL, '2016-07-14 02:35:16', '1971-05-30 00:46:46');
INSERT INTO `media` (`id`, `media_type_id`, `user_id`, `body`, `filename`, `size`, `metadata`, `created_at`, `updated_at`) VALUES ('80', '73', '80', 'Explicabo molestiae eum corrupti consequatur vel ratione. Quo dolor voluptatibus natus quibusdam. Nihil nihil nostrum cum qui. Omnis vel placeat tempora numquam omnis laudantium.', 'soluta', 33375115, NULL, '2015-08-11 10:51:24', '2015-07-07 17:52:51');
INSERT INTO `media` (`id`, `media_type_id`, `user_id`, `body`, `filename`, `size`, `metadata`, `created_at`, `updated_at`) VALUES ('81', '65', '81', 'Necessitatibus quia quidem laboriosam qui ex delectus facilis. Odit in cum qui architecto velit commodi autem. Cumque aut iusto praesentium repudiandae ad.', 'esse', 832466, NULL, '1996-01-28 11:59:27', '1976-07-08 03:53:01');
INSERT INTO `media` (`id`, `media_type_id`, `user_id`, `body`, `filename`, `size`, `metadata`, `created_at`, `updated_at`) VALUES ('82', '99', '82', 'Labore ex possimus voluptates architecto dolorem id quisquam. Sapiente qui tempora voluptates minus quo eaque. Est ut voluptatem itaque recusandae et sed est.', 'autem', 181027, NULL, '2002-05-10 12:46:11', '2001-01-31 19:12:19');
INSERT INTO `media` (`id`, `media_type_id`, `user_id`, `body`, `filename`, `size`, `metadata`, `created_at`, `updated_at`) VALUES ('83', '22', '83', 'Dignissimos doloremque officia minus aliquid veritatis pariatur alias. Consequatur sit possimus quibusdam accusantium sint. Distinctio unde consectetur consectetur maiores. Ratione incidunt et aut et consequatur. Autem fugiat est vel.', 'nemo', 64139008, NULL, '1972-04-25 18:51:53', '1980-04-20 20:16:29');
INSERT INTO `media` (`id`, `media_type_id`, `user_id`, `body`, `filename`, `size`, `metadata`, `created_at`, `updated_at`) VALUES ('84', '25', '84', 'Repudiandae repudiandae aliquid vitae voluptates similique. Quidem molestias qui et ad. Et non assumenda dolor nulla laborum. Iusto commodi enim aliquid et porro.', 'unde', 0, NULL, '1974-07-31 08:35:59', '1998-06-26 12:44:24');
INSERT INTO `media` (`id`, `media_type_id`, `user_id`, `body`, `filename`, `size`, `metadata`, `created_at`, `updated_at`) VALUES ('85', '18', '85', 'Quibusdam ea ut est saepe dolor. At reiciendis ex tenetur porro. Saepe in aut eveniet dolorum. Ducimus ea eveniet velit consequatur aut et porro debitis.', 'nemo', 6, NULL, '1993-04-24 03:26:06', '2001-04-16 00:08:46');
INSERT INTO `media` (`id`, `media_type_id`, `user_id`, `body`, `filename`, `size`, `metadata`, `created_at`, `updated_at`) VALUES ('86', '70', '86', 'Maiores distinctio temporibus ab ducimus ipsam. Architecto sint molestiae et reprehenderit sit. Eveniet quia ut laborum. In consequatur iste ipsam nisi.', 'enim', 213627, NULL, '1971-12-24 03:28:50', '1976-11-19 08:08:23');
INSERT INTO `media` (`id`, `media_type_id`, `user_id`, `body`, `filename`, `size`, `metadata`, `created_at`, `updated_at`) VALUES ('87', '55', '87', 'Est molestias architecto et asperiores maxime tempore. Voluptatem quia inventore expedita quia autem nisi aut. Assumenda explicabo magnam non ad aperiam sit est qui.', 'pariatur', 8601495, NULL, '2011-08-31 22:04:35', '1973-01-01 23:40:25');
INSERT INTO `media` (`id`, `media_type_id`, `user_id`, `body`, `filename`, `size`, `metadata`, `created_at`, `updated_at`) VALUES ('88', '47', '88', 'Qui possimus nesciunt ducimus libero nobis. Officiis dolorem nisi quibusdam porro officia. Pariatur iste voluptatem ducimus laboriosam cupiditate illum. Laudantium consequatur rerum id autem dolores qui consequatur.', 'voluptatem', 0, NULL, '2019-04-22 06:57:12', '1983-09-15 00:09:42');
INSERT INTO `media` (`id`, `media_type_id`, `user_id`, `body`, `filename`, `size`, `metadata`, `created_at`, `updated_at`) VALUES ('89', '79', '89', 'Odit vitae quibusdam molestias iste officia earum. Rem exercitationem possimus provident. Iste reiciendis suscipit repudiandae eaque consectetur. Velit eum non ea.', 'et', 6376613, NULL, '2016-05-21 12:38:34', '1981-08-07 00:23:55');
INSERT INTO `media` (`id`, `media_type_id`, `user_id`, `body`, `filename`, `size`, `metadata`, `created_at`, `updated_at`) VALUES ('90', '42', '90', 'Velit nobis quo accusantium quae consequatur cupiditate aperiam. Fugit qui sed dolores. Aut rerum fugit neque ipsum inventore temporibus provident accusantium.', 'magnam', 12, NULL, '1977-12-05 09:00:24', '2022-10-09 09:42:37');
INSERT INTO `media` (`id`, `media_type_id`, `user_id`, `body`, `filename`, `size`, `metadata`, `created_at`, `updated_at`) VALUES ('91', '59', '91', 'Voluptatem ut vitae est inventore nostrum reprehenderit non. Placeat dolorum dolorem aliquid mollitia sunt. Eveniet delectus aut illum molestiae quae. Recusandae totam dolor ipsa tempore tempora magni.', 'perferendis', 719, NULL, '1980-08-03 19:05:29', '1971-06-03 03:38:13');
INSERT INTO `media` (`id`, `media_type_id`, `user_id`, `body`, `filename`, `size`, `metadata`, `created_at`, `updated_at`) VALUES ('92', '9', '92', 'Aut excepturi tempore rem suscipit accusantium explicabo sed sunt. Minus est eaque odio debitis. Sunt enim maiores id et eius nesciunt molestiae.', 'possimus', 784, NULL, '1990-06-13 19:44:49', '2003-01-26 16:01:31');
INSERT INTO `media` (`id`, `media_type_id`, `user_id`, `body`, `filename`, `size`, `metadata`, `created_at`, `updated_at`) VALUES ('93', '9', '93', 'Sed debitis autem doloribus qui. Totam veniam ex ab praesentium laboriosam. Eligendi ad qui facere sunt numquam rerum ipsum. Assumenda ut praesentium possimus sit.', 'qui', 0, NULL, '2016-06-04 12:04:10', '1985-12-12 15:35:35');
INSERT INTO `media` (`id`, `media_type_id`, `user_id`, `body`, `filename`, `size`, `metadata`, `created_at`, `updated_at`) VALUES ('94', '34', '94', 'Ducimus labore voluptas est officiis. Quibusdam qui ducimus debitis natus rerum. Laudantium alias voluptas quidem aut accusantium voluptatem perspiciatis.', 'et', 8097027, NULL, '1978-06-24 07:18:41', '2019-03-30 00:48:19');
INSERT INTO `media` (`id`, `media_type_id`, `user_id`, `body`, `filename`, `size`, `metadata`, `created_at`, `updated_at`) VALUES ('95', '9', '95', 'Provident cumque accusantium nam. Voluptas iure qui in iure ducimus labore odio. Dolor porro non non dicta inventore quos. Sunt iure aperiam voluptas consectetur.', 'rem', 3879698, NULL, '1983-08-07 03:47:02', '1973-08-10 12:49:13');
INSERT INTO `media` (`id`, `media_type_id`, `user_id`, `body`, `filename`, `size`, `metadata`, `created_at`, `updated_at`) VALUES ('96', '94', '96', 'Ut non sequi quod iusto temporibus. Aperiam quia ut sunt veniam minima aliquid magni. Dolores et libero quos.', 'non', 0, NULL, '2014-01-05 12:32:36', '2009-12-22 13:33:33');
INSERT INTO `media` (`id`, `media_type_id`, `user_id`, `body`, `filename`, `size`, `metadata`, `created_at`, `updated_at`) VALUES ('97', '97', '97', 'Commodi quasi et omnis quia incidunt. Doloribus vel error provident doloribus laboriosam delectus. Deleniti recusandae ex possimus facilis veniam.', 'magni', 92, NULL, '1994-04-27 14:39:58', '2023-03-19 23:45:45');
INSERT INTO `media` (`id`, `media_type_id`, `user_id`, `body`, `filename`, `size`, `metadata`, `created_at`, `updated_at`) VALUES ('98', '12', '98', 'Rerum adipisci quidem unde alias illum hic qui. Ratione error at odio aspernatur rem voluptas. Fugit voluptas quo vel expedita ea.', 'tenetur', 388708, NULL, '1994-04-01 02:11:50', '2003-03-09 19:17:28');
INSERT INTO `media` (`id`, `media_type_id`, `user_id`, `body`, `filename`, `size`, `metadata`, `created_at`, `updated_at`) VALUES ('99', '2', '99', 'Reprehenderit distinctio sint quidem sit. Natus dolor enim ipsam eum quod sint dolores. Adipisci maiores id rerum beatae rerum laudantium ipsam. Sequi fuga ea explicabo numquam dignissimos quod.', 'doloribus', 23191166, NULL, '1987-03-18 03:50:52', '2022-10-19 19:29:10');
INSERT INTO `media` (`id`, `media_type_id`, `user_id`, `body`, `filename`, `size`, `metadata`, `created_at`, `updated_at`) VALUES ('100', '99', '100', 'Expedita vitae quos accusamus sit sint. Facere repudiandae aspernatur qui velit facilis voluptatem. Voluptatem corporis et nihil.', 'praesentium', 87469096, NULL, '1992-03-01 18:49:03', '2017-07-08 01:04:55');


#
# TABLE STRUCTURE FOR: media_types
#

DROP TABLE IF EXISTS `media_types`;

CREATE TABLE `media_types` (
  `id` bigint(20) unsigned NOT NULL AUTO_INCREMENT,
  `name` varchar(255) COLLATE utf8mb4_unicode_ci DEFAULT NULL,
  `created_at` datetime DEFAULT current_timestamp(),
  `updated_at` datetime DEFAULT current_timestamp() ON UPDATE current_timestamp(),
  PRIMARY KEY (`id`)
) ENGINE=InnoDB AUTO_INCREMENT=101 DEFAULT CHARSET=utf8mb4 COLLATE=utf8mb4_unicode_ci;

INSERT INTO `media_types` (`id`, `name`, `created_at`, `updated_at`) VALUES ('1', 'quae', '1985-01-12 12:24:09', '1971-05-21 07:29:46');
INSERT INTO `media_types` (`id`, `name`, `created_at`, `updated_at`) VALUES ('2', 'corporis', '1996-11-03 03:51:03', '1999-04-06 10:48:49');
INSERT INTO `media_types` (`id`, `name`, `created_at`, `updated_at`) VALUES ('3', 'facilis', '2016-12-19 04:36:03', '1998-11-22 08:55:45');
INSERT INTO `media_types` (`id`, `name`, `created_at`, `updated_at`) VALUES ('4', 'qui', '1974-03-20 03:02:36', '1995-11-05 22:21:36');
INSERT INTO `media_types` (`id`, `name`, `created_at`, `updated_at`) VALUES ('5', 'repellendus', '1997-05-19 06:21:46', '2017-02-24 23:58:31');
INSERT INTO `media_types` (`id`, `name`, `created_at`, `updated_at`) VALUES ('6', 'repellendus', '2001-08-17 07:07:35', '2001-04-05 20:32:20');
INSERT INTO `media_types` (`id`, `name`, `created_at`, `updated_at`) VALUES ('7', 'repellendus', '2014-03-28 20:57:03', '1977-08-28 16:32:53');
INSERT INTO `media_types` (`id`, `name`, `created_at`, `updated_at`) VALUES ('8', 'facilis', '1980-04-03 06:54:00', '1976-08-23 02:06:03');
INSERT INTO `media_types` (`id`, `name`, `created_at`, `updated_at`) VALUES ('9', 'sapiente', '1976-05-02 19:08:38', '2007-01-31 17:05:49');
INSERT INTO `media_types` (`id`, `name`, `created_at`, `updated_at`) VALUES ('10', 'autem', '2009-11-04 09:30:08', '1979-04-09 04:28:18');
INSERT INTO `media_types` (`id`, `name`, `created_at`, `updated_at`) VALUES ('11', 'rem', '2017-08-11 09:30:58', '1971-03-08 09:02:48');
INSERT INTO `media_types` (`id`, `name`, `created_at`, `updated_at`) VALUES ('12', 'voluptatibus', '1973-10-12 16:18:04', '2003-04-12 07:37:26');
INSERT INTO `media_types` (`id`, `name`, `created_at`, `updated_at`) VALUES ('13', 'sit', '2021-04-30 08:17:16', '1973-04-27 13:09:43');
INSERT INTO `media_types` (`id`, `name`, `created_at`, `updated_at`) VALUES ('14', 'deserunt', '1973-10-06 14:06:33', '1981-03-24 11:53:28');
INSERT INTO `media_types` (`id`, `name`, `created_at`, `updated_at`) VALUES ('15', 'est', '2014-03-02 11:36:03', '1995-07-20 03:37:01');
INSERT INTO `media_types` (`id`, `name`, `created_at`, `updated_at`) VALUES ('16', 'recusandae', '1981-12-08 21:28:01', '2022-03-26 16:48:31');
INSERT INTO `media_types` (`id`, `name`, `created_at`, `updated_at`) VALUES ('17', 'aspernatur', '1998-09-02 01:39:14', '1989-01-27 06:56:03');
INSERT INTO `media_types` (`id`, `name`, `created_at`, `updated_at`) VALUES ('18', 'quis', '1970-01-19 04:53:25', '2003-07-24 15:03:50');
INSERT INTO `media_types` (`id`, `name`, `created_at`, `updated_at`) VALUES ('19', 'alias', '1985-10-24 02:35:20', '2021-10-09 11:37:46');
INSERT INTO `media_types` (`id`, `name`, `created_at`, `updated_at`) VALUES ('20', 'libero', '2012-05-08 02:49:42', '2017-09-24 05:47:17');
INSERT INTO `media_types` (`id`, `name`, `created_at`, `updated_at`) VALUES ('21', 'consequatur', '2007-07-21 02:28:23', '1974-09-12 11:37:38');
INSERT INTO `media_types` (`id`, `name`, `created_at`, `updated_at`) VALUES ('22', 'vitae', '2013-04-15 17:28:46', '1979-10-03 06:43:41');
INSERT INTO `media_types` (`id`, `name`, `created_at`, `updated_at`) VALUES ('23', 'eveniet', '1988-11-20 12:44:52', '1987-04-10 06:22:39');
INSERT INTO `media_types` (`id`, `name`, `created_at`, `updated_at`) VALUES ('24', 'aut', '1972-01-29 18:52:08', '2003-04-22 17:43:05');
INSERT INTO `media_types` (`id`, `name`, `created_at`, `updated_at`) VALUES ('25', 'quia', '2004-05-09 22:23:07', '2008-02-17 19:28:02');
INSERT INTO `media_types` (`id`, `name`, `created_at`, `updated_at`) VALUES ('26', 'rem', '1979-09-12 18:34:09', '1973-11-05 18:49:51');
INSERT INTO `media_types` (`id`, `name`, `created_at`, `updated_at`) VALUES ('27', 'voluptatem', '2006-12-17 22:57:29', '1993-12-01 20:44:00');
INSERT INTO `media_types` (`id`, `name`, `created_at`, `updated_at`) VALUES ('28', 'est', '1995-02-15 09:22:33', '1994-06-15 21:04:29');
INSERT INTO `media_types` (`id`, `name`, `created_at`, `updated_at`) VALUES ('29', 'delectus', '1979-12-02 01:06:35', '2004-06-13 22:12:14');
INSERT INTO `media_types` (`id`, `name`, `created_at`, `updated_at`) VALUES ('30', 'non', '2017-07-21 15:59:00', '1997-02-25 05:30:37');
INSERT INTO `media_types` (`id`, `name`, `created_at`, `updated_at`) VALUES ('31', 'consequatur', '2004-08-24 21:06:01', '1994-05-14 12:01:56');
INSERT INTO `media_types` (`id`, `name`, `created_at`, `updated_at`) VALUES ('32', 'tempora', '1977-12-01 16:18:44', '2011-05-20 04:03:54');
INSERT INTO `media_types` (`id`, `name`, `created_at`, `updated_at`) VALUES ('33', 'commodi', '2020-07-17 11:37:50', '2000-10-22 21:00:04');
INSERT INTO `media_types` (`id`, `name`, `created_at`, `updated_at`) VALUES ('34', 'ipsam', '1978-05-16 10:58:01', '1988-05-01 14:50:19');
INSERT INTO `media_types` (`id`, `name`, `created_at`, `updated_at`) VALUES ('35', 'quod', '1995-11-08 16:14:17', '2014-09-05 23:52:44');
INSERT INTO `media_types` (`id`, `name`, `created_at`, `updated_at`) VALUES ('36', 'consequatur', '1999-11-05 19:36:41', '2014-09-20 15:09:09');
INSERT INTO `media_types` (`id`, `name`, `created_at`, `updated_at`) VALUES ('37', 'repellendus', '2003-08-18 22:49:07', '1979-08-08 06:14:52');
INSERT INTO `media_types` (`id`, `name`, `created_at`, `updated_at`) VALUES ('38', 'id', '1982-05-24 19:53:56', '2004-08-09 17:23:32');
INSERT INTO `media_types` (`id`, `name`, `created_at`, `updated_at`) VALUES ('39', 'et', '1991-11-03 05:05:23', '1995-09-04 02:02:13');
INSERT INTO `media_types` (`id`, `name`, `created_at`, `updated_at`) VALUES ('40', 'voluptas', '1977-10-24 13:43:42', '2022-08-30 20:28:13');
INSERT INTO `media_types` (`id`, `name`, `created_at`, `updated_at`) VALUES ('41', 'accusantium', '1984-03-03 19:52:19', '1989-07-08 08:32:01');
INSERT INTO `media_types` (`id`, `name`, `created_at`, `updated_at`) VALUES ('42', 'blanditiis', '2022-08-21 04:55:37', '1995-07-14 08:20:48');
INSERT INTO `media_types` (`id`, `name`, `created_at`, `updated_at`) VALUES ('43', 'ut', '1971-09-24 17:27:41', '1985-05-15 02:37:28');
INSERT INTO `media_types` (`id`, `name`, `created_at`, `updated_at`) VALUES ('44', 'neque', '2005-02-13 01:48:09', '1978-09-23 04:29:52');
INSERT INTO `media_types` (`id`, `name`, `created_at`, `updated_at`) VALUES ('45', 'dolorem', '2009-11-03 11:48:01', '2012-11-26 15:50:14');
INSERT INTO `media_types` (`id`, `name`, `created_at`, `updated_at`) VALUES ('46', 'quia', '1984-04-02 07:17:01', '1989-05-26 19:41:37');
INSERT INTO `media_types` (`id`, `name`, `created_at`, `updated_at`) VALUES ('47', 'deleniti', '1973-02-18 06:20:55', '2007-09-27 18:11:30');
INSERT INTO `media_types` (`id`, `name`, `created_at`, `updated_at`) VALUES ('48', 'rerum', '1988-12-12 18:20:08', '2018-07-08 00:32:20');
INSERT INTO `media_types` (`id`, `name`, `created_at`, `updated_at`) VALUES ('49', 'hic', '2017-10-12 04:42:53', '2015-09-21 11:13:15');
INSERT INTO `media_types` (`id`, `name`, `created_at`, `updated_at`) VALUES ('50', 'nihil', '2018-10-16 00:48:18', '1993-12-27 01:14:33');
INSERT INTO `media_types` (`id`, `name`, `created_at`, `updated_at`) VALUES ('51', 'quis', '2003-05-11 03:52:51', '1990-12-15 14:45:42');
INSERT INTO `media_types` (`id`, `name`, `created_at`, `updated_at`) VALUES ('52', 'totam', '2018-07-15 21:01:22', '1970-06-09 17:51:07');
INSERT INTO `media_types` (`id`, `name`, `created_at`, `updated_at`) VALUES ('53', 'optio', '1982-02-18 17:49:27', '1970-10-13 12:31:46');
INSERT INTO `media_types` (`id`, `name`, `created_at`, `updated_at`) VALUES ('54', 'est', '2001-11-14 20:17:21', '1986-05-02 10:35:33');
INSERT INTO `media_types` (`id`, `name`, `created_at`, `updated_at`) VALUES ('55', 'fugiat', '1993-12-12 09:27:41', '1998-05-29 17:44:35');
INSERT INTO `media_types` (`id`, `name`, `created_at`, `updated_at`) VALUES ('56', 'et', '1985-12-20 03:00:26', '2000-03-09 23:56:25');
INSERT INTO `media_types` (`id`, `name`, `created_at`, `updated_at`) VALUES ('57', 'est', '1991-05-27 13:12:08', '1990-02-03 17:53:21');
INSERT INTO `media_types` (`id`, `name`, `created_at`, `updated_at`) VALUES ('58', 'sed', '1973-04-02 11:23:43', '1998-04-30 14:27:31');
INSERT INTO `media_types` (`id`, `name`, `created_at`, `updated_at`) VALUES ('59', 'amet', '1971-12-24 13:27:09', '1977-08-09 03:54:58');
INSERT INTO `media_types` (`id`, `name`, `created_at`, `updated_at`) VALUES ('60', 'doloribus', '1981-05-13 10:25:03', '2002-03-13 19:55:24');
INSERT INTO `media_types` (`id`, `name`, `created_at`, `updated_at`) VALUES ('61', 'totam', '2017-03-22 12:41:28', '1972-04-15 09:54:50');
INSERT INTO `media_types` (`id`, `name`, `created_at`, `updated_at`) VALUES ('62', 'aliquam', '2003-09-05 09:41:28', '1979-06-20 07:25:16');
INSERT INTO `media_types` (`id`, `name`, `created_at`, `updated_at`) VALUES ('63', 'sit', '1979-04-29 16:05:25', '2006-01-02 05:13:41');
INSERT INTO `media_types` (`id`, `name`, `created_at`, `updated_at`) VALUES ('64', 'dolorem', '2005-05-02 00:13:50', '2006-12-09 21:41:30');
INSERT INTO `media_types` (`id`, `name`, `created_at`, `updated_at`) VALUES ('65', 'nesciunt', '1996-07-19 05:58:01', '1997-03-29 02:02:13');
INSERT INTO `media_types` (`id`, `name`, `created_at`, `updated_at`) VALUES ('66', 'molestiae', '1997-04-26 20:59:23', '2016-12-19 07:54:57');
INSERT INTO `media_types` (`id`, `name`, `created_at`, `updated_at`) VALUES ('67', 'est', '1998-05-24 05:44:56', '1998-02-23 11:58:05');
INSERT INTO `media_types` (`id`, `name`, `created_at`, `updated_at`) VALUES ('68', 'sint', '1988-05-25 18:30:38', '2015-03-11 16:58:24');
INSERT INTO `media_types` (`id`, `name`, `created_at`, `updated_at`) VALUES ('69', 'aperiam', '1996-01-22 14:51:05', '2009-08-24 18:16:38');
INSERT INTO `media_types` (`id`, `name`, `created_at`, `updated_at`) VALUES ('70', 'rem', '1996-08-19 18:12:02', '1996-09-07 12:42:42');
INSERT INTO `media_types` (`id`, `name`, `created_at`, `updated_at`) VALUES ('71', 'praesentium', '2021-07-20 16:58:48', '2002-04-21 23:27:31');
INSERT INTO `media_types` (`id`, `name`, `created_at`, `updated_at`) VALUES ('72', 'quaerat', '1976-11-22 13:41:41', '1997-04-30 04:42:34');
INSERT INTO `media_types` (`id`, `name`, `created_at`, `updated_at`) VALUES ('73', 'ad', '2005-02-10 23:13:31', '1987-02-28 23:55:46');
INSERT INTO `media_types` (`id`, `name`, `created_at`, `updated_at`) VALUES ('74', 'sed', '1989-06-07 16:16:59', '1978-05-05 15:43:23');
INSERT INTO `media_types` (`id`, `name`, `created_at`, `updated_at`) VALUES ('75', 'in', '1991-01-20 11:52:22', '2020-01-17 15:59:19');
INSERT INTO `media_types` (`id`, `name`, `created_at`, `updated_at`) VALUES ('76', 'harum', '1996-09-16 22:47:47', '2016-03-02 21:06:10');
INSERT INTO `media_types` (`id`, `name`, `created_at`, `updated_at`) VALUES ('77', 'consequatur', '1987-04-09 21:19:12', '1971-08-05 02:04:35');
INSERT INTO `media_types` (`id`, `name`, `created_at`, `updated_at`) VALUES ('78', 'necessitatibus', '2005-07-28 19:48:46', '1972-11-01 23:13:02');
INSERT INTO `media_types` (`id`, `name`, `created_at`, `updated_at`) VALUES ('79', 'ut', '1970-12-23 10:50:53', '2004-07-16 08:03:08');
INSERT INTO `media_types` (`id`, `name`, `created_at`, `updated_at`) VALUES ('80', 'autem', '2011-03-12 09:01:40', '1977-05-26 01:06:23');
INSERT INTO `media_types` (`id`, `name`, `created_at`, `updated_at`) VALUES ('81', 'iure', '2001-10-28 00:56:21', '1998-07-29 00:24:45');
INSERT INTO `media_types` (`id`, `name`, `created_at`, `updated_at`) VALUES ('82', 'qui', '1999-01-09 14:41:40', '1975-02-06 01:37:42');
INSERT INTO `media_types` (`id`, `name`, `created_at`, `updated_at`) VALUES ('83', 'dolores', '1988-03-10 18:04:20', '2012-12-23 10:03:04');
INSERT INTO `media_types` (`id`, `name`, `created_at`, `updated_at`) VALUES ('84', 'nisi', '2006-01-22 13:13:27', '2009-02-01 20:25:33');
INSERT INTO `media_types` (`id`, `name`, `created_at`, `updated_at`) VALUES ('85', 'dolor', '1971-08-12 02:39:40', '2010-03-06 18:26:37');
INSERT INTO `media_types` (`id`, `name`, `created_at`, `updated_at`) VALUES ('86', 'excepturi', '2018-05-13 09:10:00', '1988-05-16 18:38:51');
INSERT INTO `media_types` (`id`, `name`, `created_at`, `updated_at`) VALUES ('87', 'dicta', '1997-09-17 03:22:45', '1993-12-21 07:08:29');
INSERT INTO `media_types` (`id`, `name`, `created_at`, `updated_at`) VALUES ('88', 'non', '2015-08-09 13:00:44', '1977-05-18 23:26:09');
INSERT INTO `media_types` (`id`, `name`, `created_at`, `updated_at`) VALUES ('89', 'ad', '2010-06-06 20:14:51', '1980-11-05 17:20:51');
INSERT INTO `media_types` (`id`, `name`, `created_at`, `updated_at`) VALUES ('90', 'eos', '1993-03-25 13:07:04', '2001-06-03 18:46:21');
INSERT INTO `media_types` (`id`, `name`, `created_at`, `updated_at`) VALUES ('91', 'fugiat', '1973-05-10 00:39:56', '2009-04-26 21:15:14');
INSERT INTO `media_types` (`id`, `name`, `created_at`, `updated_at`) VALUES ('92', 'at', '1971-05-29 08:55:29', '1995-11-23 01:40:08');
INSERT INTO `media_types` (`id`, `name`, `created_at`, `updated_at`) VALUES ('93', 'id', '1982-01-28 21:14:22', '2007-08-06 14:58:41');
INSERT INTO `media_types` (`id`, `name`, `created_at`, `updated_at`) VALUES ('94', 'consequatur', '1996-07-10 19:04:43', '2004-12-30 05:26:01');
INSERT INTO `media_types` (`id`, `name`, `created_at`, `updated_at`) VALUES ('95', 'reprehenderit', '1987-09-25 14:12:40', '2022-02-12 09:24:34');
INSERT INTO `media_types` (`id`, `name`, `created_at`, `updated_at`) VALUES ('96', 'mollitia', '1987-03-10 11:05:08', '1996-07-22 18:16:35');
INSERT INTO `media_types` (`id`, `name`, `created_at`, `updated_at`) VALUES ('97', 'et', '2017-06-01 02:06:30', '1970-04-06 01:37:38');
INSERT INTO `media_types` (`id`, `name`, `created_at`, `updated_at`) VALUES ('98', 'perferendis', '1973-06-17 04:12:33', '2010-03-19 16:57:08');
INSERT INTO `media_types` (`id`, `name`, `created_at`, `updated_at`) VALUES ('99', 'aliquid', '1977-08-28 20:51:38', '1987-10-29 12:51:03');
INSERT INTO `media_types` (`id`, `name`, `created_at`, `updated_at`) VALUES ('100', 'sapiente', '2018-04-04 08:17:36', '2009-07-06 09:07:51');


#
# TABLE STRUCTURE FOR: messages
#

DROP TABLE IF EXISTS `messages`;

CREATE TABLE `messages` (
  `id` bigint(20) unsigned NOT NULL AUTO_INCREMENT,
  `from_user_id` bigint(20) unsigned NOT NULL,
  `to_user_id` bigint(20) unsigned NOT NULL,
  `body` text COLLATE utf8mb4_unicode_ci DEFAULT NULL,
  `created_at` datetime DEFAULT current_timestamp(),
  PRIMARY KEY (`id`),
  KEY `from_user_id` (`from_user_id`),
  KEY `to_user_id` (`to_user_id`),
  CONSTRAINT `messages_ibfk_1` FOREIGN KEY (`from_user_id`) REFERENCES `users` (`id`) ON DELETE CASCADE ON UPDATE CASCADE,
  CONSTRAINT `messages_ibfk_2` FOREIGN KEY (`to_user_id`) REFERENCES `users` (`id`) ON DELETE CASCADE ON UPDATE CASCADE
) ENGINE=InnoDB AUTO_INCREMENT=101 DEFAULT CHARSET=utf8mb4 COLLATE=utf8mb4_unicode_ci;

INSERT INTO `messages` (`id`, `from_user_id`, `to_user_id`, `body`, `created_at`) VALUES ('1', '1', '1', 'Qui dicta tenetur quo voluptatem nemo mollitia. Eaque sed porro rerum quae harum. Aperiam qui tenetur veniam exercitationem quibusdam.', '2007-10-10 09:23:53');
INSERT INTO `messages` (`id`, `from_user_id`, `to_user_id`, `body`, `created_at`) VALUES ('2', '2', '2', 'Omnis eos dolor autem consequatur deserunt voluptate quia. Natus ut eos rerum dignissimos qui. Nemo illo provident dolor ad eum aut voluptatem.', '2014-01-28 03:12:39');
INSERT INTO `messages` (`id`, `from_user_id`, `to_user_id`, `body`, `created_at`) VALUES ('3', '3', '3', 'Quae quos pariatur cupiditate debitis quia laudantium. Rerum atque aut sit fugiat ab. Eveniet accusantium praesentium quis in quo natus.', '1993-02-25 05:49:21');
INSERT INTO `messages` (`id`, `from_user_id`, `to_user_id`, `body`, `created_at`) VALUES ('4', '4', '4', 'Neque veritatis aliquid veniam recusandae est ipsam ut eos. Nihil et nulla ullam et facere et. Ipsa vel veniam tenetur aperiam occaecati perspiciatis optio. Repudiandae qui distinctio enim.', '2014-01-28 19:41:17');
INSERT INTO `messages` (`id`, `from_user_id`, `to_user_id`, `body`, `created_at`) VALUES ('5', '5', '5', 'Iste sit molestiae et rem soluta quis. Minus cumque impedit iure occaecati laborum eum saepe. Qui est qui est quo. Placeat dolores voluptatem doloremque quis non.', '1975-11-06 13:06:20');
INSERT INTO `messages` (`id`, `from_user_id`, `to_user_id`, `body`, `created_at`) VALUES ('6', '6', '6', 'Non suscipit quis sint. Consectetur eos nobis voluptatem voluptatem quibusdam libero voluptatum. Quia corrupti est mollitia sed et expedita quia. Et repudiandae iusto est omnis. Quae dolore ad vel accusamus consequatur eum enim cum.', '1984-07-15 00:30:46');
INSERT INTO `messages` (`id`, `from_user_id`, `to_user_id`, `body`, `created_at`) VALUES ('7', '7', '7', 'Dolores culpa delectus delectus rerum molestias. Hic voluptatibus repellendus qui delectus. Consequuntur itaque dolorum ut similique. Excepturi quod natus ipsa tempore sed.', '2021-07-03 23:49:47');
INSERT INTO `messages` (`id`, `from_user_id`, `to_user_id`, `body`, `created_at`) VALUES ('8', '8', '8', 'Nulla ratione magnam qui soluta asperiores dolorem quos. Aut est fuga possimus iste et.', '1990-10-11 07:46:46');
INSERT INTO `messages` (`id`, `from_user_id`, `to_user_id`, `body`, `created_at`) VALUES ('9', '9', '9', 'Aliquam veniam recusandae iusto iste occaecati. Natus qui fugiat rem debitis maxime quaerat quam. Dignissimos aliquam eos ex. Dicta voluptatem natus rem voluptatem saepe. Rem non nulla magnam distinctio repudiandae rerum ipsa sed.', '2002-04-14 10:05:34');
INSERT INTO `messages` (`id`, `from_user_id`, `to_user_id`, `body`, `created_at`) VALUES ('10', '10', '10', 'Suscipit assumenda dolorem adipisci ratione cupiditate aliquid quo explicabo. Et odio ullam dolorem fugiat deleniti adipisci delectus. Necessitatibus aut optio architecto voluptas nulla cupiditate.', '1990-08-11 19:15:37');
INSERT INTO `messages` (`id`, `from_user_id`, `to_user_id`, `body`, `created_at`) VALUES ('11', '11', '11', 'Dolore quo cum voluptatem ut rerum. Et nihil repellendus consequatur fugiat voluptas sapiente.', '1979-12-15 20:51:21');
INSERT INTO `messages` (`id`, `from_user_id`, `to_user_id`, `body`, `created_at`) VALUES ('12', '12', '12', 'Dolorem et et nostrum recusandae. Doloribus non corporis commodi deserunt dolorum deleniti nostrum. Temporibus magni qui est repellat. Quis eos omnis tempore excepturi. Sapiente eius ipsam id facere.', '2001-04-27 11:37:12');
INSERT INTO `messages` (`id`, `from_user_id`, `to_user_id`, `body`, `created_at`) VALUES ('13', '13', '13', 'Eveniet aperiam quasi qui assumenda consectetur earum. Eveniet eaque fugiat doloremque voluptatem dolorem assumenda vel eos. Nemo ad dignissimos consectetur. Doloremque perferendis eos quia dolorem nesciunt.', '1980-01-14 08:09:15');
INSERT INTO `messages` (`id`, `from_user_id`, `to_user_id`, `body`, `created_at`) VALUES ('14', '14', '14', 'Non explicabo rerum rem voluptatibus cum. Eum illum et est et aut magni delectus aut. Vitae quis rerum quod voluptatum dicta.', '2001-02-07 23:46:19');
INSERT INTO `messages` (`id`, `from_user_id`, `to_user_id`, `body`, `created_at`) VALUES ('15', '15', '15', 'Porro non exercitationem sed nam eligendi nihil vel enim. Tempora sit nobis eaque eius molestias. Tempore non officiis pariatur autem dolorem doloremque. Repellat ea nisi ut necessitatibus doloremque doloremque.', '2008-03-02 16:45:46');
INSERT INTO `messages` (`id`, `from_user_id`, `to_user_id`, `body`, `created_at`) VALUES ('16', '16', '16', 'Dolor veniam corporis saepe tenetur quidem. Qui dolorum tenetur nam animi voluptas.', '2018-11-12 12:29:51');
INSERT INTO `messages` (`id`, `from_user_id`, `to_user_id`, `body`, `created_at`) VALUES ('17', '17', '17', 'Omnis voluptatum enim adipisci sed. Quisquam quis est eum. In dolorum vel commodi. Nisi eos aspernatur similique sint beatae veniam.', '2019-04-16 18:09:09');
INSERT INTO `messages` (`id`, `from_user_id`, `to_user_id`, `body`, `created_at`) VALUES ('18', '18', '18', 'Dignissimos laborum quae ad sunt aut minima. Dolores sunt fugiat quia distinctio. Eos voluptatem veniam ipsum officia. Consequuntur eos suscipit deserunt nesciunt illum. Ut aut aspernatur et voluptatum officia blanditiis.', '1991-05-18 01:19:49');
INSERT INTO `messages` (`id`, `from_user_id`, `to_user_id`, `body`, `created_at`) VALUES ('19', '19', '19', 'Non et impedit cum accusamus fugit eos labore. Vel quia consequatur aliquid odit veniam. Blanditiis reprehenderit aperiam autem.', '1980-11-23 08:52:51');
INSERT INTO `messages` (`id`, `from_user_id`, `to_user_id`, `body`, `created_at`) VALUES ('20', '20', '20', 'Vero odit necessitatibus eos in et est aut et. Consequatur et ab est voluptates qui quo magni ut. Laudantium aut sed expedita sit excepturi perferendis sequi eum. Eligendi velit sit inventore. Facere voluptatum et consectetur veritatis voluptates.', '2012-11-11 01:53:49');
INSERT INTO `messages` (`id`, `from_user_id`, `to_user_id`, `body`, `created_at`) VALUES ('21', '21', '21', 'Neque nam et expedita non occaecati. Occaecati a deleniti explicabo voluptatem magnam.', '2000-02-09 19:15:31');
INSERT INTO `messages` (`id`, `from_user_id`, `to_user_id`, `body`, `created_at`) VALUES ('22', '22', '22', 'Non vel voluptatum nesciunt cum dolor voluptas. Ratione rerum incidunt et repudiandae iure sunt. Repellendus vel dicta eos voluptatem magnam.', '1997-09-14 02:02:13');
INSERT INTO `messages` (`id`, `from_user_id`, `to_user_id`, `body`, `created_at`) VALUES ('23', '23', '23', 'Quo inventore quidem praesentium veniam ut accusantium voluptatem. Ullam aut exercitationem consectetur a accusamus quia. Qui omnis eos perspiciatis officia et. Quia vero sapiente sed ea error odio.', '2003-11-25 02:56:57');
INSERT INTO `messages` (`id`, `from_user_id`, `to_user_id`, `body`, `created_at`) VALUES ('24', '24', '24', 'Recusandae eius doloribus autem numquam adipisci distinctio. Atque sit iure maxime consequatur. Veniam sed dolor est odit. Pariatur aut et sed porro et distinctio.', '2002-05-12 05:23:49');
INSERT INTO `messages` (`id`, `from_user_id`, `to_user_id`, `body`, `created_at`) VALUES ('25', '25', '25', 'Eius consequatur in repudiandae corrupti. Et minus distinctio amet a voluptas. Ab blanditiis error tenetur.', '1978-03-09 00:36:55');
INSERT INTO `messages` (`id`, `from_user_id`, `to_user_id`, `body`, `created_at`) VALUES ('26', '26', '26', 'Architecto et tempore enim. Dolorem veniam unde deleniti voluptatem qui non quia. Odit autem aut placeat voluptas velit dolor et eligendi.', '2001-08-05 21:48:46');
INSERT INTO `messages` (`id`, `from_user_id`, `to_user_id`, `body`, `created_at`) VALUES ('27', '27', '27', 'Doloremque quo perferendis incidunt accusamus eum omnis omnis nesciunt. Quia porro tempora laborum quia id. Quidem aliquam nihil sed aut quo voluptatem.', '1993-12-18 23:03:22');
INSERT INTO `messages` (`id`, `from_user_id`, `to_user_id`, `body`, `created_at`) VALUES ('28', '28', '28', 'Ratione libero molestiae nihil quia necessitatibus minima aut. Est laudantium molestiae id rerum eum. Et laborum tempora quaerat rem odio sed. Magnam vitae eligendi quos sit aliquam ut.', '1972-08-22 21:47:49');
INSERT INTO `messages` (`id`, `from_user_id`, `to_user_id`, `body`, `created_at`) VALUES ('29', '29', '29', 'Facere ut officiis doloribus consequatur molestiae. Saepe accusantium distinctio eos exercitationem suscipit vitae. Ut deserunt amet et perferendis explicabo quia. Unde quod temporibus reiciendis iusto.', '1979-04-24 18:30:36');
INSERT INTO `messages` (`id`, `from_user_id`, `to_user_id`, `body`, `created_at`) VALUES ('30', '30', '30', 'Aut suscipit qui doloribus rerum. Blanditiis eaque harum qui aspernatur tenetur. Corrupti qui quidem nisi sapiente eos temporibus alias.', '1973-09-18 01:34:49');
INSERT INTO `messages` (`id`, `from_user_id`, `to_user_id`, `body`, `created_at`) VALUES ('31', '31', '31', 'Molestiae nisi sunt blanditiis. Inventore fugiat sit possimus ut quo quaerat. Earum voluptates voluptates quisquam quis. Cupiditate consequuntur in voluptatum reprehenderit aperiam quibusdam dolorem.', '1981-10-30 21:43:40');
INSERT INTO `messages` (`id`, `from_user_id`, `to_user_id`, `body`, `created_at`) VALUES ('32', '32', '32', 'Sit qui ipsa eos laborum quas sit. Ab nostrum autem cumque molestiae nihil. Aut dolores consequatur aspernatur qui repellendus. Deserunt sequi nihil ut similique.', '1994-10-19 20:34:06');
INSERT INTO `messages` (`id`, `from_user_id`, `to_user_id`, `body`, `created_at`) VALUES ('33', '33', '33', 'Id quia nostrum reprehenderit optio fugiat. Cupiditate sit sit dicta et repellat nobis. Laborum ipsum sint hic quis numquam consequatur tempora nisi. Est in quasi nesciunt.', '1992-02-01 12:10:39');
INSERT INTO `messages` (`id`, `from_user_id`, `to_user_id`, `body`, `created_at`) VALUES ('34', '34', '34', 'Libero ipsum delectus mollitia perspiciatis quasi. Officiis quod non neque consequatur enim omnis nobis. Enim ratione distinctio et illum occaecati dignissimos ut.', '2014-04-04 01:01:38');
INSERT INTO `messages` (`id`, `from_user_id`, `to_user_id`, `body`, `created_at`) VALUES ('35', '35', '35', 'Enim facilis id odit eos sit ullam. Aut laboriosam et hic consequatur exercitationem. Omnis consequatur id aliquid eum. Autem et amet quaerat iste.', '2000-08-23 04:19:42');
INSERT INTO `messages` (`id`, `from_user_id`, `to_user_id`, `body`, `created_at`) VALUES ('36', '36', '36', 'Vitae recusandae nesciunt autem nemo fuga ut quos odit. Sint impedit in modi fuga et temporibus. Voluptates ut nulla error sint nihil hic voluptas.', '1983-01-03 14:33:04');
INSERT INTO `messages` (`id`, `from_user_id`, `to_user_id`, `body`, `created_at`) VALUES ('37', '37', '37', 'Quidem quod cupiditate corporis non. Quis explicabo dolore saepe blanditiis provident nam esse. Nam assumenda eos est ut ab fugiat et incidunt. Velit ut iure deleniti.', '1988-10-19 09:52:53');
INSERT INTO `messages` (`id`, `from_user_id`, `to_user_id`, `body`, `created_at`) VALUES ('38', '38', '38', 'Sint doloribus est dolorum hic voluptas ipsum hic rerum. Nobis dolores voluptatem exercitationem ad. Qui corrupti nostrum iste est a nihil.', '2007-04-01 08:28:17');
INSERT INTO `messages` (`id`, `from_user_id`, `to_user_id`, `body`, `created_at`) VALUES ('39', '39', '39', 'Eum voluptatem tenetur quia dolores ullam. Et qui molestias et praesentium beatae quia quo. Ullam illo soluta aut dolores aut velit. Molestiae harum enim sit sed ab.', '2010-02-05 20:47:27');
INSERT INTO `messages` (`id`, `from_user_id`, `to_user_id`, `body`, `created_at`) VALUES ('40', '40', '40', 'Voluptas eaque ea sed reprehenderit est fuga ullam. Dolorum sed nostrum ut harum ullam sed sint numquam. Blanditiis dignissimos rerum suscipit aut.', '2012-04-07 06:59:41');
INSERT INTO `messages` (`id`, `from_user_id`, `to_user_id`, `body`, `created_at`) VALUES ('41', '41', '41', 'Et est possimus qui dolorem. Et optio voluptatem praesentium consequatur. Rerum reiciendis fugiat fugit excepturi fugit est sed esse. Accusamus eaque voluptas omnis minus dolorem iusto sed.', '1982-09-27 12:48:56');
INSERT INTO `messages` (`id`, `from_user_id`, `to_user_id`, `body`, `created_at`) VALUES ('42', '42', '42', 'Voluptatem dolor incidunt tempore aut soluta. Praesentium quia suscipit aut temporibus rerum. Nam qui impedit fuga odio. Consequatur dolore dolorum impedit dolorem.', '1976-01-30 21:09:35');
INSERT INTO `messages` (`id`, `from_user_id`, `to_user_id`, `body`, `created_at`) VALUES ('43', '43', '43', 'Adipisci et ut non quidem. Aut veritatis dicta soluta placeat. Pariatur officia quaerat placeat nostrum quaerat quos nemo.', '2013-11-27 08:44:41');
INSERT INTO `messages` (`id`, `from_user_id`, `to_user_id`, `body`, `created_at`) VALUES ('44', '44', '44', 'Beatae consectetur architecto esse architecto. Hic eum sit sed nam qui et hic. Amet molestias vel occaecati.', '1982-06-08 01:02:49');
INSERT INTO `messages` (`id`, `from_user_id`, `to_user_id`, `body`, `created_at`) VALUES ('45', '45', '45', 'Quae repellat quasi dolorum. Vel minus dolores et tenetur expedita. Recusandae cumque aut laboriosam et iusto quis cumque odio.', '2003-02-15 07:03:58');
INSERT INTO `messages` (`id`, `from_user_id`, `to_user_id`, `body`, `created_at`) VALUES ('46', '46', '46', 'Qui numquam nulla voluptatibus autem dolor. Porro enim ea sunt recusandae illum eveniet. Sit asperiores ducimus laborum nobis consequatur consequatur.', '1990-08-11 21:03:27');
INSERT INTO `messages` (`id`, `from_user_id`, `to_user_id`, `body`, `created_at`) VALUES ('47', '47', '47', 'Facere quibusdam ratione molestias maiores. Omnis nemo deserunt rerum et. Harum quaerat deleniti ut quia est voluptatem quasi soluta. Pariatur illum facere est deserunt veniam ullam facilis facere.', '2012-10-19 10:20:27');
INSERT INTO `messages` (`id`, `from_user_id`, `to_user_id`, `body`, `created_at`) VALUES ('48', '48', '48', 'Et rerum enim reprehenderit omnis voluptatibus quis et sunt. Voluptas quae natus repellendus voluptatum accusantium repellat.', '2002-12-08 18:37:19');
INSERT INTO `messages` (`id`, `from_user_id`, `to_user_id`, `body`, `created_at`) VALUES ('49', '49', '49', 'Adipisci et iste natus tempora nemo. Accusamus voluptatem autem mollitia velit voluptatibus. Libero fugit autem vero nobis explicabo.', '1988-09-12 07:57:34');
INSERT INTO `messages` (`id`, `from_user_id`, `to_user_id`, `body`, `created_at`) VALUES ('50', '50', '50', 'Dicta quaerat maiores excepturi magni fugiat. Aut doloribus quia non iste nostrum et pariatur eius. Eaque iure possimus quam optio. Magni voluptatem est aperiam est explicabo reprehenderit nihil.', '1984-11-16 10:30:16');
INSERT INTO `messages` (`id`, `from_user_id`, `to_user_id`, `body`, `created_at`) VALUES ('51', '51', '51', 'Impedit eveniet ut consequatur sunt quis. Ut rerum ea molestiae et vel commodi corrupti. Unde et omnis expedita rerum consequatur excepturi neque necessitatibus.', '2000-11-18 09:49:31');
INSERT INTO `messages` (`id`, `from_user_id`, `to_user_id`, `body`, `created_at`) VALUES ('52', '52', '52', 'Quidem adipisci error nihil perspiciatis blanditiis et aliquam. In sit deleniti natus id saepe. Assumenda et nihil amet enim laboriosam quibusdam.', '2000-04-20 18:16:53');
INSERT INTO `messages` (`id`, `from_user_id`, `to_user_id`, `body`, `created_at`) VALUES ('53', '53', '53', 'Minus sit quidem dolor occaecati doloribus quasi dignissimos voluptatem. Magni velit velit voluptates itaque eius nesciunt esse officia. Itaque quam rem corrupti totam pariatur. Sit sunt corporis beatae quis dolore enim doloribus. Dignissimos non officiis enim et nihil.', '1997-12-02 00:44:48');
INSERT INTO `messages` (`id`, `from_user_id`, `to_user_id`, `body`, `created_at`) VALUES ('54', '54', '54', 'Nihil voluptas illum eaque laboriosam earum dolores. Quia ipsa vero autem amet non laborum culpa.', '2003-04-04 09:56:23');
INSERT INTO `messages` (`id`, `from_user_id`, `to_user_id`, `body`, `created_at`) VALUES ('55', '55', '55', 'Perspiciatis qui quia explicabo voluptas ut. Dicta ea recusandae saepe voluptates.', '2020-07-01 02:55:24');
INSERT INTO `messages` (`id`, `from_user_id`, `to_user_id`, `body`, `created_at`) VALUES ('56', '56', '56', 'Ut saepe et officiis tenetur aliquid qui ut. Eaque neque laborum blanditiis molestiae. Hic modi voluptatem doloremque dolores culpa pariatur molestias recusandae. Ad animi ut fuga impedit natus.', '2014-07-01 14:39:20');
INSERT INTO `messages` (`id`, `from_user_id`, `to_user_id`, `body`, `created_at`) VALUES ('57', '57', '57', 'Et voluptatem reprehenderit necessitatibus et. Aliquid ut deserunt et est eum. Et fugiat soluta perferendis corrupti repellendus.', '1995-09-10 02:33:56');
INSERT INTO `messages` (`id`, `from_user_id`, `to_user_id`, `body`, `created_at`) VALUES ('58', '58', '58', 'Cum at magnam qui reprehenderit. Ut voluptatem hic magnam eligendi omnis at.', '2007-07-12 06:27:47');
INSERT INTO `messages` (`id`, `from_user_id`, `to_user_id`, `body`, `created_at`) VALUES ('59', '59', '59', 'Quaerat expedita sit minus rem. Et quae et quia provident. Ullam qui aspernatur fugit dolorum minus.', '1995-08-16 10:23:31');
INSERT INTO `messages` (`id`, `from_user_id`, `to_user_id`, `body`, `created_at`) VALUES ('60', '60', '60', 'Quo sequi quod consequatur est rerum omnis est. Blanditiis impedit vel doloremque unde saepe maiores assumenda. A saepe distinctio vero porro eius dicta. Aut ad veniam et at molestias delectus.', '2017-07-01 23:44:40');
INSERT INTO `messages` (`id`, `from_user_id`, `to_user_id`, `body`, `created_at`) VALUES ('61', '61', '61', 'Et consectetur sunt qui. Possimus voluptas nobis dolores tempore non reiciendis commodi. Non saepe quaerat ea.', '2010-06-13 11:39:16');
INSERT INTO `messages` (`id`, `from_user_id`, `to_user_id`, `body`, `created_at`) VALUES ('62', '62', '62', 'Excepturi dolorum quisquam accusamus sed quisquam. Et eius similique suscipit eum. Placeat eos atque quos sint et. Voluptatem dolorem et labore facilis facere.', '1992-05-18 06:09:27');
INSERT INTO `messages` (`id`, `from_user_id`, `to_user_id`, `body`, `created_at`) VALUES ('63', '63', '63', 'Numquam cumque consectetur accusamus nam. Et quaerat occaecati consectetur. Nobis dolore voluptatem illum atque et.', '2019-02-10 10:31:49');
INSERT INTO `messages` (`id`, `from_user_id`, `to_user_id`, `body`, `created_at`) VALUES ('64', '64', '64', 'Quam facilis molestiae doloremque aut dolores autem ex. Eum a dolores ut id. Optio sint tempora quia vero. Non harum exercitationem consequuntur eaque facere aut.', '2004-01-07 19:05:02');
INSERT INTO `messages` (`id`, `from_user_id`, `to_user_id`, `body`, `created_at`) VALUES ('65', '65', '65', 'Sunt dolores sunt nesciunt voluptatem omnis. Ea minima voluptas ea. Reprehenderit nesciunt eveniet ut nesciunt facilis omnis est eaque.', '1981-01-08 19:33:33');
INSERT INTO `messages` (`id`, `from_user_id`, `to_user_id`, `body`, `created_at`) VALUES ('66', '66', '66', 'Quis et officiis qui earum omnis eos consequatur. Officiis ut expedita aliquam accusamus rerum velit. Asperiores voluptates et amet minus odio. Sed et sunt rerum perferendis explicabo voluptas quaerat.', '1988-09-13 19:03:33');
INSERT INTO `messages` (`id`, `from_user_id`, `to_user_id`, `body`, `created_at`) VALUES ('67', '67', '67', 'Est dolor autem eum dolorem voluptates itaque. Earum quaerat quasi et eum. Ut cum corporis voluptas et sunt laboriosam.', '2011-10-24 07:45:38');
INSERT INTO `messages` (`id`, `from_user_id`, `to_user_id`, `body`, `created_at`) VALUES ('68', '68', '68', 'Architecto quia expedita inventore soluta sunt. Exercitationem ut nihil animi quia ea unde molestiae.', '2008-10-19 06:32:15');
INSERT INTO `messages` (`id`, `from_user_id`, `to_user_id`, `body`, `created_at`) VALUES ('69', '69', '69', 'Sed eligendi laudantium tenetur autem unde dolor. Aut autem eos ipsam molestias. Eligendi tenetur fuga quod corporis.', '1971-01-01 20:36:57');
INSERT INTO `messages` (`id`, `from_user_id`, `to_user_id`, `body`, `created_at`) VALUES ('70', '70', '70', 'Aut et impedit distinctio quia. Voluptas amet deleniti voluptatem adipisci. Mollitia officia aut nesciunt voluptas pariatur architecto. Veniam veniam autem eligendi facilis aut doloremque rerum.', '2022-09-28 06:01:24');
INSERT INTO `messages` (`id`, `from_user_id`, `to_user_id`, `body`, `created_at`) VALUES ('71', '71', '71', 'Accusamus minima ad impedit earum consequatur possimus laudantium totam. Tempora sit aspernatur voluptatem expedita consequatur libero. Blanditiis sapiente iste tenetur quod. Ad iure ea ratione voluptatibus molestias quia.', '1996-02-11 03:37:04');
INSERT INTO `messages` (`id`, `from_user_id`, `to_user_id`, `body`, `created_at`) VALUES ('72', '72', '72', 'Iusto dolorum aut veniam repellendus occaecati. Ab ea qui aut officiis est et explicabo. Quia aperiam neque et tempore repellat. Enim commodi architecto sequi dolor praesentium. Cumque eligendi eum eum corporis eos.', '1975-11-07 13:03:50');
INSERT INTO `messages` (`id`, `from_user_id`, `to_user_id`, `body`, `created_at`) VALUES ('73', '73', '73', 'Totam qui debitis ut ut totam dolore quis. Illum culpa quia culpa consequuntur distinctio consequatur sint aut. Sit fugiat hic quia aperiam.', '1975-01-18 21:26:18');
INSERT INTO `messages` (`id`, `from_user_id`, `to_user_id`, `body`, `created_at`) VALUES ('74', '74', '74', 'Ullam fugiat enim libero atque officia aut libero. Possimus iusto illo similique. Aut quibusdam aliquid quod omnis beatae atque.', '2021-10-03 15:03:01');
INSERT INTO `messages` (`id`, `from_user_id`, `to_user_id`, `body`, `created_at`) VALUES ('75', '75', '75', 'Nisi suscipit explicabo quidem delectus sed est. Eos aperiam magni rem ad. Ratione harum tempore placeat voluptatem autem dolores.', '1992-06-13 23:50:28');
INSERT INTO `messages` (`id`, `from_user_id`, `to_user_id`, `body`, `created_at`) VALUES ('76', '76', '76', 'Eos praesentium eveniet suscipit iusto qui voluptatem dicta ullam. Nisi illo quam animi non ut molestias. Hic non quia incidunt possimus ut delectus. Qui voluptate similique reiciendis nihil.', '2008-04-25 17:02:30');
INSERT INTO `messages` (`id`, `from_user_id`, `to_user_id`, `body`, `created_at`) VALUES ('77', '77', '77', 'Soluta rerum reiciendis eum error. Officia excepturi quidem natus sed. Nam quia eum qui ducimus. Facere molestiae recusandae adipisci iste quis in.', '1988-02-07 13:58:00');
INSERT INTO `messages` (`id`, `from_user_id`, `to_user_id`, `body`, `created_at`) VALUES ('78', '78', '78', 'Labore vitae alias et. Maiores eos laudantium aliquid fugit nihil corrupti. Soluta molestiae perspiciatis reprehenderit minus.', '2005-11-01 10:36:46');
INSERT INTO `messages` (`id`, `from_user_id`, `to_user_id`, `body`, `created_at`) VALUES ('79', '79', '79', 'Quia adipisci modi maiores et. Dolorum rerum et autem fuga et mollitia. Molestiae deserunt laudantium dolores non omnis. Minus numquam quos sit dolorem est ullam aut in.', '2019-05-28 01:12:06');
INSERT INTO `messages` (`id`, `from_user_id`, `to_user_id`, `body`, `created_at`) VALUES ('80', '80', '80', 'Necessitatibus enim qui et molestias ipsum voluptas rem. Ipsum ipsum ad architecto minima sed quia quisquam inventore. Neque eos ipsa molestiae consequatur.', '1980-08-14 03:09:46');
INSERT INTO `messages` (`id`, `from_user_id`, `to_user_id`, `body`, `created_at`) VALUES ('81', '81', '81', 'Rerum sed et mollitia laudantium officiis perspiciatis et. Nesciunt in voluptatem eos. Ut quae odio quisquam qui. Illum ea qui ut dolor inventore veniam similique.', '1973-08-26 05:24:37');
INSERT INTO `messages` (`id`, `from_user_id`, `to_user_id`, `body`, `created_at`) VALUES ('82', '82', '82', 'Est ab repellendus ullam fugit sit in. Doloribus harum id ut impedit.', '2006-02-26 15:17:15');
INSERT INTO `messages` (`id`, `from_user_id`, `to_user_id`, `body`, `created_at`) VALUES ('83', '83', '83', 'Fugit exercitationem nobis autem expedita impedit nesciunt. Quia sed et et sit aut. Ea placeat ea numquam dolorum aut totam ut. Et ad voluptatem voluptas quo dignissimos. Sint adipisci ratione repellendus perferendis.', '1970-04-25 04:14:25');
INSERT INTO `messages` (`id`, `from_user_id`, `to_user_id`, `body`, `created_at`) VALUES ('84', '84', '84', 'Quasi a voluptatem sunt laborum. Sed vel vel ab ad.', '1995-04-19 07:04:50');
INSERT INTO `messages` (`id`, `from_user_id`, `to_user_id`, `body`, `created_at`) VALUES ('85', '85', '85', 'Dolore accusamus officiis at culpa maiores iste tenetur. Nulla nam ratione facere et molestiae corrupti aut fugiat. Qui vel ipsum aut. Dolore sunt nesciunt odio numquam. Ea nam maxime impedit aliquam voluptate.', '2011-02-21 07:36:02');
INSERT INTO `messages` (`id`, `from_user_id`, `to_user_id`, `body`, `created_at`) VALUES ('86', '86', '86', 'Quos saepe quidem quis ut voluptas. Corporis nihil magnam asperiores ab perferendis ea. Ut quam exercitationem enim perferendis amet cupiditate fugit.', '1975-03-26 01:37:46');
INSERT INTO `messages` (`id`, `from_user_id`, `to_user_id`, `body`, `created_at`) VALUES ('87', '87', '87', 'Esse modi similique cum rem labore ut dolorem. Quia vel ut accusantium. Illum ut sed cumque quaerat nulla rerum. Neque iusto rerum sed accusamus provident. Eaque et in reprehenderit.', '1980-05-06 09:52:21');
INSERT INTO `messages` (`id`, `from_user_id`, `to_user_id`, `body`, `created_at`) VALUES ('88', '88', '88', 'Facere hic ut sint consequatur. Qui quos nihil repellendus ea. Similique in ratione modi aut.', '1974-06-24 18:08:47');
INSERT INTO `messages` (`id`, `from_user_id`, `to_user_id`, `body`, `created_at`) VALUES ('89', '89', '89', 'Consequatur dicta voluptatem in delectus et mollitia quod. Vitae dignissimos vel eligendi corporis beatae quas quos. Unde temporibus qui enim. Distinctio eaque commodi rerum occaecati consequatur esse. Quaerat et nobis id.', '2023-02-04 09:38:09');
INSERT INTO `messages` (`id`, `from_user_id`, `to_user_id`, `body`, `created_at`) VALUES ('90', '90', '90', 'Inventore sequi ut odit quidem voluptatem placeat. Ipsa pariatur fugiat nihil doloribus. Incidunt distinctio aut ad provident molestias.', '1978-11-05 21:35:57');
INSERT INTO `messages` (`id`, `from_user_id`, `to_user_id`, `body`, `created_at`) VALUES ('91', '91', '91', 'Ducimus dolorem consequatur cum rem nam. Et voluptate rerum similique corrupti doloribus et adipisci. Quo sunt distinctio expedita cum.', '1980-01-29 16:09:54');
INSERT INTO `messages` (`id`, `from_user_id`, `to_user_id`, `body`, `created_at`) VALUES ('92', '92', '92', 'Omnis quaerat sunt laborum repellendus et rerum qui. Sunt eveniet inventore recusandae itaque reiciendis autem.', '1986-12-21 21:29:32');
INSERT INTO `messages` (`id`, `from_user_id`, `to_user_id`, `body`, `created_at`) VALUES ('93', '93', '93', 'Rerum rem minima consectetur nam ut sed provident. Dolorum quod nostrum saepe voluptatem non. Est dolor consequatur eos excepturi ducimus molestiae velit aliquam.', '2018-12-28 09:30:41');
INSERT INTO `messages` (`id`, `from_user_id`, `to_user_id`, `body`, `created_at`) VALUES ('94', '94', '94', 'Est dolor quia natus ab qui non sit et. Quae ad officiis fugit et pariatur.', '2017-07-16 03:55:39');
INSERT INTO `messages` (`id`, `from_user_id`, `to_user_id`, `body`, `created_at`) VALUES ('95', '95', '95', 'Hic consequatur qui enim temporibus reprehenderit. Cumque culpa cumque aut quo voluptatibus sunt velit. Cupiditate ut at nesciunt ipsa.', '2016-12-27 09:43:10');
INSERT INTO `messages` (`id`, `from_user_id`, `to_user_id`, `body`, `created_at`) VALUES ('96', '96', '96', 'Fugiat laudantium eos voluptatum corporis deserunt qui repellat. Id et consequuntur reprehenderit optio velit. Atque voluptatibus accusamus sequi doloribus maxime blanditiis reprehenderit. Illo error sed est eum et dolor dolorem. Debitis ut quo rem libero delectus dolore et consequuntur.', '1984-08-22 07:39:03');
INSERT INTO `messages` (`id`, `from_user_id`, `to_user_id`, `body`, `created_at`) VALUES ('97', '97', '97', 'Ut odio quia ut nulla. Reprehenderit dolore sed aut eligendi occaecati quos tenetur. Non sed sunt sit quos iste.', '1991-11-09 11:38:34');
INSERT INTO `messages` (`id`, `from_user_id`, `to_user_id`, `body`, `created_at`) VALUES ('98', '98', '98', 'Illo rem sit possimus velit expedita neque. Culpa repellat iusto officiis consequatur fugiat praesentium. Eaque hic vitae quas fuga minima animi.', '1985-11-05 14:53:21');
INSERT INTO `messages` (`id`, `from_user_id`, `to_user_id`, `body`, `created_at`) VALUES ('99', '99', '99', 'Consectetur enim aut nihil vel commodi non. Qui itaque sit eos cum eum similique perferendis. Fugiat nostrum voluptas sint id asperiores voluptatem adipisci qui. Vel dolorem ea porro dicta dolore omnis.', '2021-09-12 19:35:37');
INSERT INTO `messages` (`id`, `from_user_id`, `to_user_id`, `body`, `created_at`) VALUES ('100', '100', '100', 'Perferendis facere sit ipsum voluptatum et odio laborum. Velit et vel libero aperiam. Dolorem porro accusantium minima modi consequuntur.', '1994-02-03 22:46:13');


#
# TABLE STRUCTURE FOR: photo_albums
#

DROP TABLE IF EXISTS `photo_albums`;

CREATE TABLE `photo_albums` (
  `id` bigint(20) unsigned NOT NULL AUTO_INCREMENT,
  `name` varchar(255) COLLATE utf8mb4_unicode_ci DEFAULT NULL,
  `user_id` bigint(20) unsigned DEFAULT NULL,
  PRIMARY KEY (`id`),
  UNIQUE KEY `id` (`id`),
  KEY `user_id` (`user_id`),
  CONSTRAINT `photo_albums_ibfk_1` FOREIGN KEY (`user_id`) REFERENCES `users` (`id`) ON DELETE SET NULL ON UPDATE CASCADE
) ENGINE=InnoDB AUTO_INCREMENT=101 DEFAULT CHARSET=utf8mb4 COLLATE=utf8mb4_unicode_ci;

INSERT INTO `photo_albums` (`id`, `name`, `user_id`) VALUES ('1', 'eum', '1');
INSERT INTO `photo_albums` (`id`, `name`, `user_id`) VALUES ('2', 'exercitationem', '2');
INSERT INTO `photo_albums` (`id`, `name`, `user_id`) VALUES ('3', 'porro', '3');
INSERT INTO `photo_albums` (`id`, `name`, `user_id`) VALUES ('4', 'aspernatur', '4');
INSERT INTO `photo_albums` (`id`, `name`, `user_id`) VALUES ('5', 'et', '5');
INSERT INTO `photo_albums` (`id`, `name`, `user_id`) VALUES ('6', 'temporibus', '6');
INSERT INTO `photo_albums` (`id`, `name`, `user_id`) VALUES ('7', 'nisi', '7');
INSERT INTO `photo_albums` (`id`, `name`, `user_id`) VALUES ('8', 'quas', '8');
INSERT INTO `photo_albums` (`id`, `name`, `user_id`) VALUES ('9', 'dolorem', '9');
INSERT INTO `photo_albums` (`id`, `name`, `user_id`) VALUES ('10', 'quis', '10');
INSERT INTO `photo_albums` (`id`, `name`, `user_id`) VALUES ('11', 'et', '11');
INSERT INTO `photo_albums` (`id`, `name`, `user_id`) VALUES ('12', 'doloremque', '12');
INSERT INTO `photo_albums` (`id`, `name`, `user_id`) VALUES ('13', 'ut', '13');
INSERT INTO `photo_albums` (`id`, `name`, `user_id`) VALUES ('14', 'commodi', '14');
INSERT INTO `photo_albums` (`id`, `name`, `user_id`) VALUES ('15', 'omnis', '15');
INSERT INTO `photo_albums` (`id`, `name`, `user_id`) VALUES ('16', 'dolore', '16');
INSERT INTO `photo_albums` (`id`, `name`, `user_id`) VALUES ('17', 'laborum', '17');
INSERT INTO `photo_albums` (`id`, `name`, `user_id`) VALUES ('18', 'maiores', '18');
INSERT INTO `photo_albums` (`id`, `name`, `user_id`) VALUES ('19', 'adipisci', '19');
INSERT INTO `photo_albums` (`id`, `name`, `user_id`) VALUES ('20', 'blanditiis', '20');
INSERT INTO `photo_albums` (`id`, `name`, `user_id`) VALUES ('21', 'et', '21');
INSERT INTO `photo_albums` (`id`, `name`, `user_id`) VALUES ('22', 'modi', '22');
INSERT INTO `photo_albums` (`id`, `name`, `user_id`) VALUES ('23', 'perspiciatis', '23');
INSERT INTO `photo_albums` (`id`, `name`, `user_id`) VALUES ('24', 'inventore', '24');
INSERT INTO `photo_albums` (`id`, `name`, `user_id`) VALUES ('25', 'a', '25');
INSERT INTO `photo_albums` (`id`, `name`, `user_id`) VALUES ('26', 'quia', '26');
INSERT INTO `photo_albums` (`id`, `name`, `user_id`) VALUES ('27', 'quia', '27');
INSERT INTO `photo_albums` (`id`, `name`, `user_id`) VALUES ('28', 'nam', '28');
INSERT INTO `photo_albums` (`id`, `name`, `user_id`) VALUES ('29', 'ad', '29');
INSERT INTO `photo_albums` (`id`, `name`, `user_id`) VALUES ('30', 'repudiandae', '30');
INSERT INTO `photo_albums` (`id`, `name`, `user_id`) VALUES ('31', 'debitis', '31');
INSERT INTO `photo_albums` (`id`, `name`, `user_id`) VALUES ('32', 'culpa', '32');
INSERT INTO `photo_albums` (`id`, `name`, `user_id`) VALUES ('33', 'culpa', '33');
INSERT INTO `photo_albums` (`id`, `name`, `user_id`) VALUES ('34', 'vel', '34');
INSERT INTO `photo_albums` (`id`, `name`, `user_id`) VALUES ('35', 'consequatur', '35');
INSERT INTO `photo_albums` (`id`, `name`, `user_id`) VALUES ('36', 'qui', '36');
INSERT INTO `photo_albums` (`id`, `name`, `user_id`) VALUES ('37', 'a', '37');
INSERT INTO `photo_albums` (`id`, `name`, `user_id`) VALUES ('38', 'omnis', '38');
INSERT INTO `photo_albums` (`id`, `name`, `user_id`) VALUES ('39', 'et', '39');
INSERT INTO `photo_albums` (`id`, `name`, `user_id`) VALUES ('40', 'perspiciatis', '40');
INSERT INTO `photo_albums` (`id`, `name`, `user_id`) VALUES ('41', 'repellendus', '41');
INSERT INTO `photo_albums` (`id`, `name`, `user_id`) VALUES ('42', 'sed', '42');
INSERT INTO `photo_albums` (`id`, `name`, `user_id`) VALUES ('43', 'quis', '43');
INSERT INTO `photo_albums` (`id`, `name`, `user_id`) VALUES ('44', 'excepturi', '44');
INSERT INTO `photo_albums` (`id`, `name`, `user_id`) VALUES ('45', 'quia', '45');
INSERT INTO `photo_albums` (`id`, `name`, `user_id`) VALUES ('46', 'et', '46');
INSERT INTO `photo_albums` (`id`, `name`, `user_id`) VALUES ('47', 'in', '47');
INSERT INTO `photo_albums` (`id`, `name`, `user_id`) VALUES ('48', 'neque', '48');
INSERT INTO `photo_albums` (`id`, `name`, `user_id`) VALUES ('49', 'dignissimos', '49');
INSERT INTO `photo_albums` (`id`, `name`, `user_id`) VALUES ('50', 'totam', '50');
INSERT INTO `photo_albums` (`id`, `name`, `user_id`) VALUES ('51', 'exercitationem', '51');
INSERT INTO `photo_albums` (`id`, `name`, `user_id`) VALUES ('52', 'vel', '52');
INSERT INTO `photo_albums` (`id`, `name`, `user_id`) VALUES ('53', 'molestiae', '53');
INSERT INTO `photo_albums` (`id`, `name`, `user_id`) VALUES ('54', 'labore', '54');
INSERT INTO `photo_albums` (`id`, `name`, `user_id`) VALUES ('55', 'ipsam', '55');
INSERT INTO `photo_albums` (`id`, `name`, `user_id`) VALUES ('56', 'quia', '56');
INSERT INTO `photo_albums` (`id`, `name`, `user_id`) VALUES ('57', 'molestiae', '57');
INSERT INTO `photo_albums` (`id`, `name`, `user_id`) VALUES ('58', 'id', '58');
INSERT INTO `photo_albums` (`id`, `name`, `user_id`) VALUES ('59', 'voluptatem', '59');
INSERT INTO `photo_albums` (`id`, `name`, `user_id`) VALUES ('60', 'eos', '60');
INSERT INTO `photo_albums` (`id`, `name`, `user_id`) VALUES ('61', 'tenetur', '61');
INSERT INTO `photo_albums` (`id`, `name`, `user_id`) VALUES ('62', 'quidem', '62');
INSERT INTO `photo_albums` (`id`, `name`, `user_id`) VALUES ('63', 'quisquam', '63');
INSERT INTO `photo_albums` (`id`, `name`, `user_id`) VALUES ('64', 'aspernatur', '64');
INSERT INTO `photo_albums` (`id`, `name`, `user_id`) VALUES ('65', 'ut', '65');
INSERT INTO `photo_albums` (`id`, `name`, `user_id`) VALUES ('66', 'non', '66');
INSERT INTO `photo_albums` (`id`, `name`, `user_id`) VALUES ('67', 'recusandae', '67');
INSERT INTO `photo_albums` (`id`, `name`, `user_id`) VALUES ('68', 'perferendis', '68');
INSERT INTO `photo_albums` (`id`, `name`, `user_id`) VALUES ('69', 'non', '69');
INSERT INTO `photo_albums` (`id`, `name`, `user_id`) VALUES ('70', 'sed', '70');
INSERT INTO `photo_albums` (`id`, `name`, `user_id`) VALUES ('71', 'illo', '71');
INSERT INTO `photo_albums` (`id`, `name`, `user_id`) VALUES ('72', 'eius', '72');
INSERT INTO `photo_albums` (`id`, `name`, `user_id`) VALUES ('73', 'veritatis', '73');
INSERT INTO `photo_albums` (`id`, `name`, `user_id`) VALUES ('74', 'iure', '74');
INSERT INTO `photo_albums` (`id`, `name`, `user_id`) VALUES ('75', 'asperiores', '75');
INSERT INTO `photo_albums` (`id`, `name`, `user_id`) VALUES ('76', 'velit', '76');
INSERT INTO `photo_albums` (`id`, `name`, `user_id`) VALUES ('77', 'tempora', '77');
INSERT INTO `photo_albums` (`id`, `name`, `user_id`) VALUES ('78', 'et', '78');
INSERT INTO `photo_albums` (`id`, `name`, `user_id`) VALUES ('79', 'molestiae', '79');
INSERT INTO `photo_albums` (`id`, `name`, `user_id`) VALUES ('80', 'quidem', '80');
INSERT INTO `photo_albums` (`id`, `name`, `user_id`) VALUES ('81', 'consectetur', '81');
INSERT INTO `photo_albums` (`id`, `name`, `user_id`) VALUES ('82', 'et', '82');
INSERT INTO `photo_albums` (`id`, `name`, `user_id`) VALUES ('83', 'ea', '83');
INSERT INTO `photo_albums` (`id`, `name`, `user_id`) VALUES ('84', 'maxime', '84');
INSERT INTO `photo_albums` (`id`, `name`, `user_id`) VALUES ('85', 'vel', '85');
INSERT INTO `photo_albums` (`id`, `name`, `user_id`) VALUES ('86', 'sunt', '86');
INSERT INTO `photo_albums` (`id`, `name`, `user_id`) VALUES ('87', 'maxime', '87');
INSERT INTO `photo_albums` (`id`, `name`, `user_id`) VALUES ('88', 'a', '88');
INSERT INTO `photo_albums` (`id`, `name`, `user_id`) VALUES ('89', 'laudantium', '89');
INSERT INTO `photo_albums` (`id`, `name`, `user_id`) VALUES ('90', 'velit', '90');
INSERT INTO `photo_albums` (`id`, `name`, `user_id`) VALUES ('91', 'occaecati', '91');
INSERT INTO `photo_albums` (`id`, `name`, `user_id`) VALUES ('92', 'sit', '92');
INSERT INTO `photo_albums` (`id`, `name`, `user_id`) VALUES ('93', 'reiciendis', '93');
INSERT INTO `photo_albums` (`id`, `name`, `user_id`) VALUES ('94', 'sequi', '94');
INSERT INTO `photo_albums` (`id`, `name`, `user_id`) VALUES ('95', 'accusamus', '95');
INSERT INTO `photo_albums` (`id`, `name`, `user_id`) VALUES ('96', 'qui', '96');
INSERT INTO `photo_albums` (`id`, `name`, `user_id`) VALUES ('97', 'cumque', '97');
INSERT INTO `photo_albums` (`id`, `name`, `user_id`) VALUES ('98', 'officia', '98');
INSERT INTO `photo_albums` (`id`, `name`, `user_id`) VALUES ('99', 'perferendis', '99');
INSERT INTO `photo_albums` (`id`, `name`, `user_id`) VALUES ('100', 'cumque', '100');


#
# TABLE STRUCTURE FOR: photos
#

DROP TABLE IF EXISTS `photos`;

CREATE TABLE `photos` (
  `id` bigint(20) unsigned NOT NULL AUTO_INCREMENT,
  `album_id` bigint(20) unsigned NOT NULL,
  `media_id` bigint(20) unsigned NOT NULL,
  PRIMARY KEY (`id`),
  KEY `album_id` (`album_id`),
  KEY `media_id` (`media_id`),
  CONSTRAINT `photos_ibfk_1` FOREIGN KEY (`album_id`) REFERENCES `photo_albums` (`id`) ON DELETE CASCADE ON UPDATE CASCADE,
  CONSTRAINT `photos_ibfk_2` FOREIGN KEY (`media_id`) REFERENCES `media` (`id`) ON DELETE CASCADE ON UPDATE CASCADE
) ENGINE=InnoDB AUTO_INCREMENT=101 DEFAULT CHARSET=utf8mb4 COLLATE=utf8mb4_unicode_ci;

INSERT INTO `photos` (`id`, `album_id`, `media_id`) VALUES ('1', '1', '1');
INSERT INTO `photos` (`id`, `album_id`, `media_id`) VALUES ('2', '2', '2');
INSERT INTO `photos` (`id`, `album_id`, `media_id`) VALUES ('3', '3', '3');
INSERT INTO `photos` (`id`, `album_id`, `media_id`) VALUES ('4', '4', '4');
INSERT INTO `photos` (`id`, `album_id`, `media_id`) VALUES ('5', '5', '5');
INSERT INTO `photos` (`id`, `album_id`, `media_id`) VALUES ('6', '6', '6');
INSERT INTO `photos` (`id`, `album_id`, `media_id`) VALUES ('7', '7', '7');
INSERT INTO `photos` (`id`, `album_id`, `media_id`) VALUES ('8', '8', '8');
INSERT INTO `photos` (`id`, `album_id`, `media_id`) VALUES ('9', '9', '9');
INSERT INTO `photos` (`id`, `album_id`, `media_id`) VALUES ('10', '10', '10');
INSERT INTO `photos` (`id`, `album_id`, `media_id`) VALUES ('11', '11', '11');
INSERT INTO `photos` (`id`, `album_id`, `media_id`) VALUES ('12', '12', '12');
INSERT INTO `photos` (`id`, `album_id`, `media_id`) VALUES ('13', '13', '13');
INSERT INTO `photos` (`id`, `album_id`, `media_id`) VALUES ('14', '14', '14');
INSERT INTO `photos` (`id`, `album_id`, `media_id`) VALUES ('15', '15', '15');
INSERT INTO `photos` (`id`, `album_id`, `media_id`) VALUES ('16', '16', '16');
INSERT INTO `photos` (`id`, `album_id`, `media_id`) VALUES ('17', '17', '17');
INSERT INTO `photos` (`id`, `album_id`, `media_id`) VALUES ('18', '18', '18');
INSERT INTO `photos` (`id`, `album_id`, `media_id`) VALUES ('19', '19', '19');
INSERT INTO `photos` (`id`, `album_id`, `media_id`) VALUES ('20', '20', '20');
INSERT INTO `photos` (`id`, `album_id`, `media_id`) VALUES ('21', '21', '21');
INSERT INTO `photos` (`id`, `album_id`, `media_id`) VALUES ('22', '22', '22');
INSERT INTO `photos` (`id`, `album_id`, `media_id`) VALUES ('23', '23', '23');
INSERT INTO `photos` (`id`, `album_id`, `media_id`) VALUES ('24', '24', '24');
INSERT INTO `photos` (`id`, `album_id`, `media_id`) VALUES ('25', '25', '25');
INSERT INTO `photos` (`id`, `album_id`, `media_id`) VALUES ('26', '26', '26');
INSERT INTO `photos` (`id`, `album_id`, `media_id`) VALUES ('27', '27', '27');
INSERT INTO `photos` (`id`, `album_id`, `media_id`) VALUES ('28', '28', '28');
INSERT INTO `photos` (`id`, `album_id`, `media_id`) VALUES ('29', '29', '29');
INSERT INTO `photos` (`id`, `album_id`, `media_id`) VALUES ('30', '30', '30');
INSERT INTO `photos` (`id`, `album_id`, `media_id`) VALUES ('31', '31', '31');
INSERT INTO `photos` (`id`, `album_id`, `media_id`) VALUES ('32', '32', '32');
INSERT INTO `photos` (`id`, `album_id`, `media_id`) VALUES ('33', '33', '33');
INSERT INTO `photos` (`id`, `album_id`, `media_id`) VALUES ('34', '34', '34');
INSERT INTO `photos` (`id`, `album_id`, `media_id`) VALUES ('35', '35', '35');
INSERT INTO `photos` (`id`, `album_id`, `media_id`) VALUES ('36', '36', '36');
INSERT INTO `photos` (`id`, `album_id`, `media_id`) VALUES ('37', '37', '37');
INSERT INTO `photos` (`id`, `album_id`, `media_id`) VALUES ('38', '38', '38');
INSERT INTO `photos` (`id`, `album_id`, `media_id`) VALUES ('39', '39', '39');
INSERT INTO `photos` (`id`, `album_id`, `media_id`) VALUES ('40', '40', '40');
INSERT INTO `photos` (`id`, `album_id`, `media_id`) VALUES ('41', '41', '41');
INSERT INTO `photos` (`id`, `album_id`, `media_id`) VALUES ('42', '42', '42');
INSERT INTO `photos` (`id`, `album_id`, `media_id`) VALUES ('43', '43', '43');
INSERT INTO `photos` (`id`, `album_id`, `media_id`) VALUES ('44', '44', '44');
INSERT INTO `photos` (`id`, `album_id`, `media_id`) VALUES ('45', '45', '45');
INSERT INTO `photos` (`id`, `album_id`, `media_id`) VALUES ('46', '46', '46');
INSERT INTO `photos` (`id`, `album_id`, `media_id`) VALUES ('47', '47', '47');
INSERT INTO `photos` (`id`, `album_id`, `media_id`) VALUES ('48', '48', '48');
INSERT INTO `photos` (`id`, `album_id`, `media_id`) VALUES ('49', '49', '49');
INSERT INTO `photos` (`id`, `album_id`, `media_id`) VALUES ('50', '50', '50');
INSERT INTO `photos` (`id`, `album_id`, `media_id`) VALUES ('51', '51', '51');
INSERT INTO `photos` (`id`, `album_id`, `media_id`) VALUES ('52', '52', '52');
INSERT INTO `photos` (`id`, `album_id`, `media_id`) VALUES ('53', '53', '53');
INSERT INTO `photos` (`id`, `album_id`, `media_id`) VALUES ('54', '54', '54');
INSERT INTO `photos` (`id`, `album_id`, `media_id`) VALUES ('55', '55', '55');
INSERT INTO `photos` (`id`, `album_id`, `media_id`) VALUES ('56', '56', '56');
INSERT INTO `photos` (`id`, `album_id`, `media_id`) VALUES ('57', '57', '57');
INSERT INTO `photos` (`id`, `album_id`, `media_id`) VALUES ('58', '58', '58');
INSERT INTO `photos` (`id`, `album_id`, `media_id`) VALUES ('59', '59', '59');
INSERT INTO `photos` (`id`, `album_id`, `media_id`) VALUES ('60', '60', '60');
INSERT INTO `photos` (`id`, `album_id`, `media_id`) VALUES ('61', '61', '61');
INSERT INTO `photos` (`id`, `album_id`, `media_id`) VALUES ('62', '62', '62');
INSERT INTO `photos` (`id`, `album_id`, `media_id`) VALUES ('63', '63', '63');
INSERT INTO `photos` (`id`, `album_id`, `media_id`) VALUES ('64', '64', '64');
INSERT INTO `photos` (`id`, `album_id`, `media_id`) VALUES ('65', '65', '65');
INSERT INTO `photos` (`id`, `album_id`, `media_id`) VALUES ('66', '66', '66');
INSERT INTO `photos` (`id`, `album_id`, `media_id`) VALUES ('67', '67', '67');
INSERT INTO `photos` (`id`, `album_id`, `media_id`) VALUES ('68', '68', '68');
INSERT INTO `photos` (`id`, `album_id`, `media_id`) VALUES ('69', '69', '69');
INSERT INTO `photos` (`id`, `album_id`, `media_id`) VALUES ('70', '70', '70');
INSERT INTO `photos` (`id`, `album_id`, `media_id`) VALUES ('71', '71', '71');
INSERT INTO `photos` (`id`, `album_id`, `media_id`) VALUES ('72', '72', '72');
INSERT INTO `photos` (`id`, `album_id`, `media_id`) VALUES ('73', '73', '73');
INSERT INTO `photos` (`id`, `album_id`, `media_id`) VALUES ('74', '74', '74');
INSERT INTO `photos` (`id`, `album_id`, `media_id`) VALUES ('75', '75', '75');
INSERT INTO `photos` (`id`, `album_id`, `media_id`) VALUES ('76', '76', '76');
INSERT INTO `photos` (`id`, `album_id`, `media_id`) VALUES ('77', '77', '77');
INSERT INTO `photos` (`id`, `album_id`, `media_id`) VALUES ('78', '78', '78');
INSERT INTO `photos` (`id`, `album_id`, `media_id`) VALUES ('79', '79', '79');
INSERT INTO `photos` (`id`, `album_id`, `media_id`) VALUES ('80', '80', '80');
INSERT INTO `photos` (`id`, `album_id`, `media_id`) VALUES ('81', '81', '81');
INSERT INTO `photos` (`id`, `album_id`, `media_id`) VALUES ('82', '82', '82');
INSERT INTO `photos` (`id`, `album_id`, `media_id`) VALUES ('83', '83', '83');
INSERT INTO `photos` (`id`, `album_id`, `media_id`) VALUES ('84', '84', '84');
INSERT INTO `photos` (`id`, `album_id`, `media_id`) VALUES ('85', '85', '85');
INSERT INTO `photos` (`id`, `album_id`, `media_id`) VALUES ('86', '86', '86');
INSERT INTO `photos` (`id`, `album_id`, `media_id`) VALUES ('87', '87', '87');
INSERT INTO `photos` (`id`, `album_id`, `media_id`) VALUES ('88', '88', '88');
INSERT INTO `photos` (`id`, `album_id`, `media_id`) VALUES ('89', '89', '89');
INSERT INTO `photos` (`id`, `album_id`, `media_id`) VALUES ('90', '90', '90');
INSERT INTO `photos` (`id`, `album_id`, `media_id`) VALUES ('91', '91', '91');
INSERT INTO `photos` (`id`, `album_id`, `media_id`) VALUES ('92', '92', '92');
INSERT INTO `photos` (`id`, `album_id`, `media_id`) VALUES ('93', '93', '93');
INSERT INTO `photos` (`id`, `album_id`, `media_id`) VALUES ('94', '94', '94');
INSERT INTO `photos` (`id`, `album_id`, `media_id`) VALUES ('95', '95', '95');
INSERT INTO `photos` (`id`, `album_id`, `media_id`) VALUES ('96', '96', '96');
INSERT INTO `photos` (`id`, `album_id`, `media_id`) VALUES ('97', '97', '97');
INSERT INTO `photos` (`id`, `album_id`, `media_id`) VALUES ('98', '98', '98');
INSERT INTO `photos` (`id`, `album_id`, `media_id`) VALUES ('99', '99', '99');
INSERT INTO `photos` (`id`, `album_id`, `media_id`) VALUES ('100', '100', '100');


#
# TABLE STRUCTURE FOR: profiles
#

DROP TABLE IF EXISTS `profiles`;

CREATE TABLE `profiles` (
  `user_id` bigint(20) unsigned NOT NULL AUTO_INCREMENT,
  `gender` char(1) COLLATE utf8mb4_unicode_ci DEFAULT NULL,
  `birthday` date DEFAULT NULL,
  `photo_id` bigint(20) unsigned DEFAULT NULL,
  `created_at` datetime DEFAULT current_timestamp(),
  `hometown` varchar(100) COLLATE utf8mb4_unicode_ci DEFAULT NULL,
  PRIMARY KEY (`user_id`),
  KEY `fk_photo_id` (`photo_id`),
  CONSTRAINT `fk_photo_id` FOREIGN KEY (`photo_id`) REFERENCES `photos` (`id`) ON DELETE SET NULL ON UPDATE CASCADE,
  CONSTRAINT `fk_user_id` FOREIGN KEY (`user_id`) REFERENCES `users` (`id`) ON DELETE CASCADE ON UPDATE CASCADE
) ENGINE=InnoDB AUTO_INCREMENT=101 DEFAULT CHARSET=utf8mb4 COLLATE=utf8mb4_unicode_ci;

INSERT INTO `profiles` (`user_id`, `gender`, `birthday`, `photo_id`, `created_at`, `hometown`) VALUES ('1', 'm', '2000-09-13', '1', '2012-12-25 20:41:03', NULL);
INSERT INTO `profiles` (`user_id`, `gender`, `birthday`, `photo_id`, `created_at`, `hometown`) VALUES ('2', 'm', '2021-09-23', '2', '2010-04-01 13:24:35', NULL);
INSERT INTO `profiles` (`user_id`, `gender`, `birthday`, `photo_id`, `created_at`, `hometown`) VALUES ('3', 'm', '1993-03-14', '3', '2021-10-09 13:41:17', NULL);
INSERT INTO `profiles` (`user_id`, `gender`, `birthday`, `photo_id`, `created_at`, `hometown`) VALUES ('4', 'm', '1990-01-05', '4', '1972-11-09 10:00:01', NULL);
INSERT INTO `profiles` (`user_id`, `gender`, `birthday`, `photo_id`, `created_at`, `hometown`) VALUES ('5', 'f', '2021-11-04', '5', '2003-08-12 22:45:44', NULL);
INSERT INTO `profiles` (`user_id`, `gender`, `birthday`, `photo_id`, `created_at`, `hometown`) VALUES ('6', 'm', '2022-04-13', '6', '2014-02-08 15:25:56', NULL);
INSERT INTO `profiles` (`user_id`, `gender`, `birthday`, `photo_id`, `created_at`, `hometown`) VALUES ('7', 'f', '1977-05-10', '7', '1972-06-24 10:25:32', NULL);
INSERT INTO `profiles` (`user_id`, `gender`, `birthday`, `photo_id`, `created_at`, `hometown`) VALUES ('8', 'm', '1976-06-20', '8', '2005-06-27 19:46:48', NULL);
INSERT INTO `profiles` (`user_id`, `gender`, `birthday`, `photo_id`, `created_at`, `hometown`) VALUES ('9', 'm', '2013-03-16', '9', '1992-01-26 23:55:47', NULL);
INSERT INTO `profiles` (`user_id`, `gender`, `birthday`, `photo_id`, `created_at`, `hometown`) VALUES ('10', 'm', '2016-01-11', '10', '1973-04-03 10:04:18', NULL);
INSERT INTO `profiles` (`user_id`, `gender`, `birthday`, `photo_id`, `created_at`, `hometown`) VALUES ('11', 'f', '2022-03-27', '11', '2011-03-30 23:57:35', NULL);
INSERT INTO `profiles` (`user_id`, `gender`, `birthday`, `photo_id`, `created_at`, `hometown`) VALUES ('12', 'm', '1983-12-20', '12', '2015-08-17 00:26:47', NULL);
INSERT INTO `profiles` (`user_id`, `gender`, `birthday`, `photo_id`, `created_at`, `hometown`) VALUES ('13', 'f', '1993-02-24', '13', '2017-10-29 13:56:45', NULL);
INSERT INTO `profiles` (`user_id`, `gender`, `birthday`, `photo_id`, `created_at`, `hometown`) VALUES ('14', 'm', '1987-08-08', '14', '1979-04-18 11:55:31', NULL);
INSERT INTO `profiles` (`user_id`, `gender`, `birthday`, `photo_id`, `created_at`, `hometown`) VALUES ('15', 'm', '2012-02-16', '15', '1971-08-18 04:19:08', NULL);
INSERT INTO `profiles` (`user_id`, `gender`, `birthday`, `photo_id`, `created_at`, `hometown`) VALUES ('16', 'f', '1982-11-12', '16', '2017-05-17 18:14:30', NULL);
INSERT INTO `profiles` (`user_id`, `gender`, `birthday`, `photo_id`, `created_at`, `hometown`) VALUES ('17', 'f', '2011-08-08', '17', '1984-08-26 13:06:11', NULL);
INSERT INTO `profiles` (`user_id`, `gender`, `birthday`, `photo_id`, `created_at`, `hometown`) VALUES ('18', 'm', '1997-04-30', '18', '1983-05-24 02:54:28', NULL);
INSERT INTO `profiles` (`user_id`, `gender`, `birthday`, `photo_id`, `created_at`, `hometown`) VALUES ('19', 'm', '2002-05-31', '19', '2002-01-04 02:04:26', NULL);
INSERT INTO `profiles` (`user_id`, `gender`, `birthday`, `photo_id`, `created_at`, `hometown`) VALUES ('20', 'm', '2007-11-15', '20', '1987-01-29 14:10:40', NULL);
INSERT INTO `profiles` (`user_id`, `gender`, `birthday`, `photo_id`, `created_at`, `hometown`) VALUES ('21', 'm', '2004-03-24', '21', '1980-10-15 03:49:26', NULL);
INSERT INTO `profiles` (`user_id`, `gender`, `birthday`, `photo_id`, `created_at`, `hometown`) VALUES ('22', 'f', '2022-01-13', '22', '2017-09-06 20:40:12', NULL);
INSERT INTO `profiles` (`user_id`, `gender`, `birthday`, `photo_id`, `created_at`, `hometown`) VALUES ('23', 'f', '2016-12-15', '23', '1983-07-18 06:55:17', NULL);
INSERT INTO `profiles` (`user_id`, `gender`, `birthday`, `photo_id`, `created_at`, `hometown`) VALUES ('24', 'm', '2015-10-11', '24', '2002-01-08 06:06:21', NULL);
INSERT INTO `profiles` (`user_id`, `gender`, `birthday`, `photo_id`, `created_at`, `hometown`) VALUES ('25', 'm', '2008-12-28', '25', '1985-01-04 02:39:49', NULL);
INSERT INTO `profiles` (`user_id`, `gender`, `birthday`, `photo_id`, `created_at`, `hometown`) VALUES ('26', 'f', '1980-09-26', '26', '1970-11-06 22:28:12', NULL);
INSERT INTO `profiles` (`user_id`, `gender`, `birthday`, `photo_id`, `created_at`, `hometown`) VALUES ('27', 'm', '1989-01-20', '27', '1982-12-23 07:09:30', NULL);
INSERT INTO `profiles` (`user_id`, `gender`, `birthday`, `photo_id`, `created_at`, `hometown`) VALUES ('28', 'f', '2021-04-29', '28', '2002-07-26 14:38:56', NULL);
INSERT INTO `profiles` (`user_id`, `gender`, `birthday`, `photo_id`, `created_at`, `hometown`) VALUES ('29', 'm', '2000-05-12', '29', '2006-10-15 14:02:38', NULL);
INSERT INTO `profiles` (`user_id`, `gender`, `birthday`, `photo_id`, `created_at`, `hometown`) VALUES ('30', 'm', '1983-12-03', '30', '1997-07-01 17:47:42', NULL);
INSERT INTO `profiles` (`user_id`, `gender`, `birthday`, `photo_id`, `created_at`, `hometown`) VALUES ('31', 'm', '1986-12-28', '31', '1990-10-10 04:05:43', NULL);
INSERT INTO `profiles` (`user_id`, `gender`, `birthday`, `photo_id`, `created_at`, `hometown`) VALUES ('32', 'm', '1973-05-01', '32', '1978-03-02 07:15:44', NULL);
INSERT INTO `profiles` (`user_id`, `gender`, `birthday`, `photo_id`, `created_at`, `hometown`) VALUES ('33', 'm', '1984-06-19', '33', '2001-12-25 11:00:45', NULL);
INSERT INTO `profiles` (`user_id`, `gender`, `birthday`, `photo_id`, `created_at`, `hometown`) VALUES ('34', 'm', '1982-08-13', '34', '1995-01-23 08:12:44', NULL);
INSERT INTO `profiles` (`user_id`, `gender`, `birthday`, `photo_id`, `created_at`, `hometown`) VALUES ('35', 'f', '2007-09-05', '35', '1996-03-16 08:17:38', NULL);
INSERT INTO `profiles` (`user_id`, `gender`, `birthday`, `photo_id`, `created_at`, `hometown`) VALUES ('36', 'm', '2019-03-20', '36', '2023-01-23 05:08:48', NULL);
INSERT INTO `profiles` (`user_id`, `gender`, `birthday`, `photo_id`, `created_at`, `hometown`) VALUES ('37', 'm', '2018-11-12', '37', '1987-03-16 00:38:09', NULL);
INSERT INTO `profiles` (`user_id`, `gender`, `birthday`, `photo_id`, `created_at`, `hometown`) VALUES ('38', 'm', '1983-04-08', '38', '1972-04-18 18:22:10', NULL);
INSERT INTO `profiles` (`user_id`, `gender`, `birthday`, `photo_id`, `created_at`, `hometown`) VALUES ('39', 'm', '2020-12-16', '39', '2010-05-20 03:20:11', NULL);
INSERT INTO `profiles` (`user_id`, `gender`, `birthday`, `photo_id`, `created_at`, `hometown`) VALUES ('40', 'f', '1974-07-31', '40', '2005-06-25 20:54:47', NULL);
INSERT INTO `profiles` (`user_id`, `gender`, `birthday`, `photo_id`, `created_at`, `hometown`) VALUES ('41', 'm', '1978-12-05', '41', '2000-12-11 07:10:39', NULL);
INSERT INTO `profiles` (`user_id`, `gender`, `birthday`, `photo_id`, `created_at`, `hometown`) VALUES ('42', 'f', '1989-12-10', '42', '1994-09-05 10:35:36', NULL);
INSERT INTO `profiles` (`user_id`, `gender`, `birthday`, `photo_id`, `created_at`, `hometown`) VALUES ('43', 'f', '2002-04-05', '43', '1980-09-14 12:26:55', NULL);
INSERT INTO `profiles` (`user_id`, `gender`, `birthday`, `photo_id`, `created_at`, `hometown`) VALUES ('44', 'm', '2006-10-09', '44', '2010-05-06 23:32:05', NULL);
INSERT INTO `profiles` (`user_id`, `gender`, `birthday`, `photo_id`, `created_at`, `hometown`) VALUES ('45', 'm', '2003-12-26', '45', '1970-09-06 09:45:34', NULL);
INSERT INTO `profiles` (`user_id`, `gender`, `birthday`, `photo_id`, `created_at`, `hometown`) VALUES ('46', 'f', '2004-01-13', '46', '2014-04-21 14:55:02', NULL);
INSERT INTO `profiles` (`user_id`, `gender`, `birthday`, `photo_id`, `created_at`, `hometown`) VALUES ('47', 'f', '1971-06-29', '47', '1972-07-05 22:58:49', NULL);
INSERT INTO `profiles` (`user_id`, `gender`, `birthday`, `photo_id`, `created_at`, `hometown`) VALUES ('48', 'f', '2014-05-30', '48', '1982-09-20 04:56:48', NULL);
INSERT INTO `profiles` (`user_id`, `gender`, `birthday`, `photo_id`, `created_at`, `hometown`) VALUES ('49', 'm', '2016-05-03', '49', '1987-04-09 14:37:42', NULL);
INSERT INTO `profiles` (`user_id`, `gender`, `birthday`, `photo_id`, `created_at`, `hometown`) VALUES ('50', 'm', '2010-06-21', '50', '1989-04-05 06:11:06', NULL);
INSERT INTO `profiles` (`user_id`, `gender`, `birthday`, `photo_id`, `created_at`, `hometown`) VALUES ('51', 'f', '2001-11-20', '51', '1997-08-02 14:43:04', NULL);
INSERT INTO `profiles` (`user_id`, `gender`, `birthday`, `photo_id`, `created_at`, `hometown`) VALUES ('52', 'f', '1992-05-11', '52', '1987-11-12 09:59:57', NULL);
INSERT INTO `profiles` (`user_id`, `gender`, `birthday`, `photo_id`, `created_at`, `hometown`) VALUES ('53', 'm', '1997-06-01', '53', '1971-09-04 17:00:48', NULL);
INSERT INTO `profiles` (`user_id`, `gender`, `birthday`, `photo_id`, `created_at`, `hometown`) VALUES ('54', 'f', '1978-10-10', '54', '1991-06-10 09:21:46', NULL);
INSERT INTO `profiles` (`user_id`, `gender`, `birthday`, `photo_id`, `created_at`, `hometown`) VALUES ('55', 'f', '2006-07-20', '55', '1975-06-19 03:48:22', NULL);
INSERT INTO `profiles` (`user_id`, `gender`, `birthday`, `photo_id`, `created_at`, `hometown`) VALUES ('56', 'f', '2011-12-22', '56', '1972-10-31 10:16:06', NULL);
INSERT INTO `profiles` (`user_id`, `gender`, `birthday`, `photo_id`, `created_at`, `hometown`) VALUES ('57', 'f', '2012-10-16', '57', '1971-12-07 00:28:10', NULL);
INSERT INTO `profiles` (`user_id`, `gender`, `birthday`, `photo_id`, `created_at`, `hometown`) VALUES ('58', 'f', '1997-04-20', '58', '1979-08-09 04:14:53', NULL);
INSERT INTO `profiles` (`user_id`, `gender`, `birthday`, `photo_id`, `created_at`, `hometown`) VALUES ('59', 'm', '1989-10-02', '59', '1995-09-08 14:24:37', NULL);
INSERT INTO `profiles` (`user_id`, `gender`, `birthday`, `photo_id`, `created_at`, `hometown`) VALUES ('60', 'm', '1986-04-23', '60', '2017-06-05 15:49:45', NULL);
INSERT INTO `profiles` (`user_id`, `gender`, `birthday`, `photo_id`, `created_at`, `hometown`) VALUES ('61', 'm', '2020-04-06', '61', '2017-02-08 05:18:09', NULL);
INSERT INTO `profiles` (`user_id`, `gender`, `birthday`, `photo_id`, `created_at`, `hometown`) VALUES ('62', 'f', '1980-05-30', '62', '2020-04-06 16:21:11', NULL);
INSERT INTO `profiles` (`user_id`, `gender`, `birthday`, `photo_id`, `created_at`, `hometown`) VALUES ('63', 'f', '1980-01-18', '63', '2000-11-30 17:26:25', NULL);
INSERT INTO `profiles` (`user_id`, `gender`, `birthday`, `photo_id`, `created_at`, `hometown`) VALUES ('64', 'f', '1986-10-27', '64', '2018-04-29 06:36:38', NULL);
INSERT INTO `profiles` (`user_id`, `gender`, `birthday`, `photo_id`, `created_at`, `hometown`) VALUES ('65', 'm', '1973-05-30', '65', '1974-01-31 07:03:16', NULL);
INSERT INTO `profiles` (`user_id`, `gender`, `birthday`, `photo_id`, `created_at`, `hometown`) VALUES ('66', 'm', '2015-02-27', '66', '1991-02-06 06:57:39', NULL);
INSERT INTO `profiles` (`user_id`, `gender`, `birthday`, `photo_id`, `created_at`, `hometown`) VALUES ('67', 'm', '2018-07-12', '67', '1987-07-26 15:31:43', NULL);
INSERT INTO `profiles` (`user_id`, `gender`, `birthday`, `photo_id`, `created_at`, `hometown`) VALUES ('68', 'm', '2021-04-07', '68', '1991-04-16 03:14:39', NULL);
INSERT INTO `profiles` (`user_id`, `gender`, `birthday`, `photo_id`, `created_at`, `hometown`) VALUES ('69', 'f', '2019-06-27', '69', '1999-05-14 21:43:11', NULL);
INSERT INTO `profiles` (`user_id`, `gender`, `birthday`, `photo_id`, `created_at`, `hometown`) VALUES ('70', 'm', '1989-01-29', '70', '2001-08-17 00:50:27', NULL);
INSERT INTO `profiles` (`user_id`, `gender`, `birthday`, `photo_id`, `created_at`, `hometown`) VALUES ('71', 'f', '2015-02-25', '71', '2019-04-14 22:34:31', NULL);
INSERT INTO `profiles` (`user_id`, `gender`, `birthday`, `photo_id`, `created_at`, `hometown`) VALUES ('72', 'm', '1971-06-19', '72', '1990-01-29 00:25:43', NULL);
INSERT INTO `profiles` (`user_id`, `gender`, `birthday`, `photo_id`, `created_at`, `hometown`) VALUES ('73', 'f', '1996-08-04', '73', '2021-05-25 03:28:24', NULL);
INSERT INTO `profiles` (`user_id`, `gender`, `birthday`, `photo_id`, `created_at`, `hometown`) VALUES ('74', 'f', '2018-11-29', '74', '1970-07-17 05:54:08', NULL);
INSERT INTO `profiles` (`user_id`, `gender`, `birthday`, `photo_id`, `created_at`, `hometown`) VALUES ('75', 'm', '1977-06-28', '75', '1988-11-03 23:51:38', NULL);
INSERT INTO `profiles` (`user_id`, `gender`, `birthday`, `photo_id`, `created_at`, `hometown`) VALUES ('76', 'f', '1989-05-13', '76', '2014-09-18 04:32:27', NULL);
INSERT INTO `profiles` (`user_id`, `gender`, `birthday`, `photo_id`, `created_at`, `hometown`) VALUES ('77', 'm', '2010-06-08', '77', '1979-11-09 06:02:19', NULL);
INSERT INTO `profiles` (`user_id`, `gender`, `birthday`, `photo_id`, `created_at`, `hometown`) VALUES ('78', 'm', '2009-03-05', '78', '2011-09-08 17:00:05', NULL);
INSERT INTO `profiles` (`user_id`, `gender`, `birthday`, `photo_id`, `created_at`, `hometown`) VALUES ('79', 'f', '1995-02-03', '79', '2013-02-10 18:25:06', NULL);
INSERT INTO `profiles` (`user_id`, `gender`, `birthday`, `photo_id`, `created_at`, `hometown`) VALUES ('80', 'f', '1970-01-18', '80', '2018-11-23 23:26:51', NULL);
INSERT INTO `profiles` (`user_id`, `gender`, `birthday`, `photo_id`, `created_at`, `hometown`) VALUES ('81', 'm', '1975-06-15', '81', '2020-08-09 09:37:53', NULL);
INSERT INTO `profiles` (`user_id`, `gender`, `birthday`, `photo_id`, `created_at`, `hometown`) VALUES ('82', 'm', '1998-06-12', '82', '1972-05-18 14:26:32', NULL);
INSERT INTO `profiles` (`user_id`, `gender`, `birthday`, `photo_id`, `created_at`, `hometown`) VALUES ('83', 'f', '1994-10-23', '83', '2000-11-23 16:33:17', NULL);
INSERT INTO `profiles` (`user_id`, `gender`, `birthday`, `photo_id`, `created_at`, `hometown`) VALUES ('84', 'f', '2003-01-10', '84', '1986-08-21 05:45:56', NULL);
INSERT INTO `profiles` (`user_id`, `gender`, `birthday`, `photo_id`, `created_at`, `hometown`) VALUES ('85', 'f', '1986-01-29', '85', '1991-01-04 06:33:59', NULL);
INSERT INTO `profiles` (`user_id`, `gender`, `birthday`, `photo_id`, `created_at`, `hometown`) VALUES ('86', 'f', '1973-03-16', '86', '1986-11-09 15:25:09', NULL);
INSERT INTO `profiles` (`user_id`, `gender`, `birthday`, `photo_id`, `created_at`, `hometown`) VALUES ('87', 'm', '2008-01-13', '87', '1979-11-25 04:02:51', NULL);
INSERT INTO `profiles` (`user_id`, `gender`, `birthday`, `photo_id`, `created_at`, `hometown`) VALUES ('88', 'f', '1996-10-28', '88', '2005-02-21 14:07:15', NULL);
INSERT INTO `profiles` (`user_id`, `gender`, `birthday`, `photo_id`, `created_at`, `hometown`) VALUES ('89', 'f', '2017-09-05', '89', '1991-01-25 07:51:36', NULL);
INSERT INTO `profiles` (`user_id`, `gender`, `birthday`, `photo_id`, `created_at`, `hometown`) VALUES ('90', 'f', '2016-10-05', '90', '1991-01-08 06:42:49', NULL);
INSERT INTO `profiles` (`user_id`, `gender`, `birthday`, `photo_id`, `created_at`, `hometown`) VALUES ('91', 'f', '2008-06-16', '91', '1987-09-24 01:16:57', NULL);
INSERT INTO `profiles` (`user_id`, `gender`, `birthday`, `photo_id`, `created_at`, `hometown`) VALUES ('92', 'm', '2012-04-14', '92', '2006-03-16 01:10:25', NULL);
INSERT INTO `profiles` (`user_id`, `gender`, `birthday`, `photo_id`, `created_at`, `hometown`) VALUES ('93', 'm', '1997-04-02', '93', '1987-08-03 00:27:01', NULL);
INSERT INTO `profiles` (`user_id`, `gender`, `birthday`, `photo_id`, `created_at`, `hometown`) VALUES ('94', 'm', '1979-10-16', '94', '1999-07-15 03:18:00', NULL);
INSERT INTO `profiles` (`user_id`, `gender`, `birthday`, `photo_id`, `created_at`, `hometown`) VALUES ('95', 'm', '2020-12-09', '95', '1987-10-22 18:40:34', NULL);
INSERT INTO `profiles` (`user_id`, `gender`, `birthday`, `photo_id`, `created_at`, `hometown`) VALUES ('96', 'f', '1995-06-03', '96', '1979-01-25 11:41:10', NULL);
INSERT INTO `profiles` (`user_id`, `gender`, `birthday`, `photo_id`, `created_at`, `hometown`) VALUES ('97', 'f', '1995-11-16', '97', '1989-06-27 10:18:56', NULL);
INSERT INTO `profiles` (`user_id`, `gender`, `birthday`, `photo_id`, `created_at`, `hometown`) VALUES ('98', 'f', '1972-04-14', '98', '2015-06-04 17:33:05', NULL);
INSERT INTO `profiles` (`user_id`, `gender`, `birthday`, `photo_id`, `created_at`, `hometown`) VALUES ('99', 'f', '1979-08-25', '99', '1990-07-25 09:33:18', NULL);
INSERT INTO `profiles` (`user_id`, `gender`, `birthday`, `photo_id`, `created_at`, `hometown`) VALUES ('100', 'f', '2010-04-21', '100', '1998-02-12 03:43:54', NULL);


#
# TABLE STRUCTURE FOR: users
#

DROP TABLE IF EXISTS `users`;

CREATE TABLE `users` (
  `id` bigint(20) unsigned NOT NULL AUTO_INCREMENT,
  `firstname` varchar(100) COLLATE utf8mb4_unicode_ci DEFAULT NULL,
  `lastname` varchar(100) COLLATE utf8mb4_unicode_ci DEFAULT NULL COMMENT '',
  `email` varchar(100) COLLATE utf8mb4_unicode_ci DEFAULT NULL,
  `password_hash` varchar(100) COLLATE utf8mb4_unicode_ci DEFAULT NULL,
  `phone` bigint(20) DEFAULT NULL,
  `is_deleted` bit(1) DEFAULT b'0',
  PRIMARY KEY (`id`),
  UNIQUE KEY `email` (`email`),
  KEY `users_firstname_lastname_idx` (`firstname`,`lastname`)
) ENGINE=InnoDB AUTO_INCREMENT=101 DEFAULT CHARSET=utf8mb4 COLLATE=utf8mb4_unicode_ci;

INSERT INTO `users` (`id`, `firstname`, `lastname`, `email`, `password_hash`, `phone`, `is_deleted`) VALUES ('1', '', '', 'r@example.com', '2d0fa60542b722486ed9029d8f1536184d815b56', '79402185610', '1');
INSERT INTO `users` (`id`, `firstname`, `lastname`, `email`, `password_hash`, `phone`, `is_deleted`) VALUES ('2', '', '', '/39@example.com', 'cc0dcab17370b946495ccbf64f3ba614f65e8a32', '79746660667', '0');
INSERT INTO `users` (`id`, `firstname`, `lastname`, `email`, `password_hash`, `phone`, `is_deleted`) VALUES ('3', '', '', '66@example.com', '88f599b465aecc0b4f21d06888b46c7d3c42fa2b', '79096825729', '0');
INSERT INTO `users` (`id`, `firstname`, `lastname`, `email`, `password_hash`, `phone`, `is_deleted`) VALUES ('4', '', '', '.@example.org', '47ef4073ce7c6379d1a7e0fa1838a45e8f7e304c', '79526513427', '1');
INSERT INTO `users` (`id`, `firstname`, `lastname`, `email`, `password_hash`, `phone`, `is_deleted`) VALUES ('5', '', '', 'e@example.org', 'e9d4fa5eaea13193e89d4cdad0fa09f21963d659', '79177492468', '1');
INSERT INTO `users` (`id`, `firstname`, `lastname`, `email`, `password_hash`, `phone`, `is_deleted`) VALUES ('6', '', '', 'b@example.com', '4c2ec73777a7aff275b210be2c8dd76e5d50855b', '79805119501', '1');
INSERT INTO `users` (`id`, `firstname`, `lastname`, `email`, `password_hash`, `phone`, `is_deleted`) VALUES ('7', '', '', 'h@example.net', '7eb36059881f7eb4c00ecffddb09716586f3c360', '79929497968', '0');
INSERT INTO `users` (`id`, `firstname`, `lastname`, `email`, `password_hash`, `phone`, `is_deleted`) VALUES ('8', '', '', '77@example.net', '47a66e0300bc4f05181ad7e92949f45487daceed', '79806284826', '1');
INSERT INTO `users` (`id`, `firstname`, `lastname`, `email`, `password_hash`, `phone`, `is_deleted`) VALUES ('9', '', '', '55@example.org', '37f3bbd6450970d1ffe1392dcae4f1c1a555bf4f', '79653186975', '0');
INSERT INTO `users` (`id`, `firstname`, `lastname`, `email`, `password_hash`, `phone`, `is_deleted`) VALUES ('10', '', '', '.@example.net', '8eb0c3722624ccea6c67abf1099c42c90f9c2535', '79045724957', '0');
INSERT INTO `users` (`id`, `firstname`, `lastname`, `email`, `password_hash`, `phone`, `is_deleted`) VALUES ('11', '', '', '.@example.net', '547beb24782fcede86fde95c75877dbfa85ec4ad', '79084101403', '1');
INSERT INTO `users` (`id`, `firstname`, `lastname`, `email`, `password_hash`, `phone`, `is_deleted`) VALUES ('12', '', '', '.@example.net', '3ba074dc0f0a1be4f1550a4c627bad363296949b', '79618208602', '1');
INSERT INTO `users` (`id`, `firstname`, `lastname`, `email`, `password_hash`, `phone`, `is_deleted`) VALUES ('13', '', '', '.@example.org', 'c7be8c3fa9e5b058f51cd06cb61a2494d9c24ee8', '79854867078', '0');
INSERT INTO `users` (`id`, `firstname`, `lastname`, `email`, `password_hash`, `phone`, `is_deleted`) VALUES ('14', '', '', '.@example.org', '10c34395616496926036075bc37b2a8002ee5b9e', '79089809252', '1');
INSERT INTO `users` (`id`, `firstname`, `lastname`, `email`, `password_hash`, `phone`, `is_deleted`) VALUES ('15', '', '', 'h@example.org', '0d8a0e9668e7ecc0df831a8a972442a212801b0e', '79562805739', '0');
INSERT INTO `users` (`id`, `firstname`, `lastname`, `email`, `password_hash`, `phone`, `is_deleted`) VALUES ('16', '', '', '.@example.com', 'ff1eea81fa7d36e66da458fa525a760b010c747c', '79909054821', '1');
INSERT INTO `users` (`id`, `firstname`, `lastname`, `email`, `password_hash`, `phone`, `is_deleted`) VALUES ('17', '', '', '54@example.org', '40c00f00fd94b504e294cba17425a7f402e63a26', '79752040539', '0');
INSERT INTO `users` (`id`, `firstname`, `lastname`, `email`, `password_hash`, `phone`, `is_deleted`) VALUES ('18', '', '', 'f@example.org', 'f6d5b3f856ef81cf05b8dc9a254a120cfc830e75', '79156650372', '1');
INSERT INTO `users` (`id`, `firstname`, `lastname`, `email`, `password_hash`, `phone`, `is_deleted`) VALUES ('19', '', '', '.@example.com', 'c9d93d1d0c57c4e63598e483bd76bbe3bfc8866c', '79267803585', '1');
INSERT INTO `users` (`id`, `firstname`, `lastname`, `email`, `password_hash`, `phone`, `is_deleted`) VALUES ('20', '', '', '.@example.com', '518cdd49e2cdada494df15352329937b6449b72c', '79218390722', '1');
INSERT INTO `users` (`id`, `firstname`, `lastname`, `email`, `password_hash`, `phone`, `is_deleted`) VALUES ('21', '', '', 'm@example.com', '415902ca2647a059c5c6fcb3d607fb495acd629b', '79626272366', '0');
INSERT INTO `users` (`id`, `firstname`, `lastname`, `email`, `password_hash`, `phone`, `is_deleted`) VALUES ('22', '', '', '20@example.org', '74566780c404025902b440687497c08096f62831', '79118964084', '1');
INSERT INTO `users` (`id`, `firstname`, `lastname`, `email`, `password_hash`, `phone`, `is_deleted`) VALUES ('23', '', '', '.@example.org', '8109e1011f3bc55a83bab848b6fe544b0b5248d8', '79764944752', '0');
INSERT INTO `users` (`id`, `firstname`, `lastname`, `email`, `password_hash`, `phone`, `is_deleted`) VALUES ('24', '', '', '28@example.org', '68faad1693b17d9f01e59c282324567491000e7a', '79867368347', '1');
INSERT INTO `users` (`id`, `firstname`, `lastname`, `email`, `password_hash`, `phone`, `is_deleted`) VALUES ('25', '', '', '.@example.org', '7e4bc24d15f6122e5a46b12acca83b02b404ba51', '79736804379', '0');
INSERT INTO `users` (`id`, `firstname`, `lastname`, `email`, `password_hash`, `phone`, `is_deleted`) VALUES ('26', '', '', 'i@example.net', '450656ce0264ba5f133672349414384d3c3a78bb', '79483097916', '1');
INSERT INTO `users` (`id`, `firstname`, `lastname`, `email`, `password_hash`, `phone`, `is_deleted`) VALUES ('27', '', '', '.@example.org', '926e47d1a7e941a487445e16595523e23775307a', '79170037559', '0');
INSERT INTO `users` (`id`, `firstname`, `lastname`, `email`, `password_hash`, `phone`, `is_deleted`) VALUES ('28', '', '', 'a@example.org', '9da422b3e687b9fab9b4a3bc00f0af989361bd79', '79690225235', '1');
INSERT INTO `users` (`id`, `firstname`, `lastname`, `email`, `password_hash`, `phone`, `is_deleted`) VALUES ('29', '', '', '.@example.com', '6c8ec51f049b3ef4bfc214283fb9394b79630088', '79978105999', '0');
INSERT INTO `users` (`id`, `firstname`, `lastname`, `email`, `password_hash`, `phone`, `is_deleted`) VALUES ('30', '', '', '.@example.com', '216f59ce66c6264ad150e38080a15985129aaff5', '79002806400', '0');
INSERT INTO `users` (`id`, `firstname`, `lastname`, `email`, `password_hash`, `phone`, `is_deleted`) VALUES ('31', '', '', '.@example.net', 'f85a249bd0c50895e9cd087cc0dc6e6de22fbf54', '79420879509', '0');
INSERT INTO `users` (`id`, `firstname`, `lastname`, `email`, `password_hash`, `phone`, `is_deleted`) VALUES ('32', '', '', 'i@example.net', 'a351435d5746c9a56029e5c44e0386bde1f669d6', '79284476204', '0');
INSERT INTO `users` (`id`, `firstname`, `lastname`, `email`, `password_hash`, `phone`, `is_deleted`) VALUES ('33', '', '', '78@example.net', 'f1469219781f7a1e91b50a103f4cef64fd6d41b8', '79285874645', '1');
INSERT INTO `users` (`id`, `firstname`, `lastname`, `email`, `password_hash`, `phone`, `is_deleted`) VALUES ('34', '', '', 'y@example.net', '459d70747cddcfedc50df73aaf941fda65f9dc34', '79025872644', '1');
INSERT INTO `users` (`id`, `firstname`, `lastname`, `email`, `password_hash`, `phone`, `is_deleted`) VALUES ('35', '', '', '.@example.com', '95c14956523dc146b7c321d74876106f80d687ce', '79496035789', '0');
INSERT INTO `users` (`id`, `firstname`, `lastname`, `email`, `password_hash`, `phone`, `is_deleted`) VALUES ('36', '', '', '.@example.com', 'd438cba1cd6dd224b2c2f6936a77b3155c57a9f6', '79990325847', '0');
INSERT INTO `users` (`id`, `firstname`, `lastname`, `email`, `password_hash`, `phone`, `is_deleted`) VALUES ('37', '', '', '.@example.org', '96a5c5d699ea41bfc29807e09bc1118328c80bdb', '79334094387', '1');
INSERT INTO `users` (`id`, `firstname`, `lastname`, `email`, `password_hash`, `phone`, `is_deleted`) VALUES ('38', '', '', '07@example.net', '52667e0d229e915ffbfd63a49dc6c007b9e6c4e0', '79237953356', '1');
INSERT INTO `users` (`id`, `firstname`, `lastname`, `email`, `password_hash`, `phone`, `is_deleted`) VALUES ('39', '', '', 'q@example.org', 'cae39e87c28987ddbaba7ea3539324d4de0617bb', '79239790480', '0');
INSERT INTO `users` (`id`, `firstname`, `lastname`, `email`, `password_hash`, `phone`, `is_deleted`) VALUES ('40', '', '', 'y@example.com', 'ffec6c39697ec9ae4e5ebd4b33dedde8fcb639f3', '79317465563', '1');
INSERT INTO `users` (`id`, `firstname`, `lastname`, `email`, `password_hash`, `phone`, `is_deleted`) VALUES ('41', '', '', '.@example.org', '42f0761b8f3a2375ef87c4d202dfc5fe2a52c8c3', '79423335944', '0');
INSERT INTO `users` (`id`, `firstname`, `lastname`, `email`, `password_hash`, `phone`, `is_deleted`) VALUES ('42', '', '', '31@example.org', '0fed8efe76899f64ec1fb100fb4fc0905b04d5da', '79408488685', '0');
INSERT INTO `users` (`id`, `firstname`, `lastname`, `email`, `password_hash`, `phone`, `is_deleted`) VALUES ('43', '', '', '41@example.com', '33e34d911d7a13d10537ba0f6c656b16af5c325d', '79774970364', '1');
INSERT INTO `users` (`id`, `firstname`, `lastname`, `email`, `password_hash`, `phone`, `is_deleted`) VALUES ('44', '', '', 'j@example.org', 'f27c075296fdc2679765ed4b87fcf006457fe596', '79975884773', '0');
INSERT INTO `users` (`id`, `firstname`, `lastname`, `email`, `password_hash`, `phone`, `is_deleted`) VALUES ('45', '', '', '55@example.com', '67c14acec9ed882c5473752c5f656ef5429f8add', '79840587189', '0');
INSERT INTO `users` (`id`, `firstname`, `lastname`, `email`, `password_hash`, `phone`, `is_deleted`) VALUES ('46', '', '', '.@example.net', 'ed1787d5c11913372cf26f6dde7147a8c871ed5f', '79809929670', '0');
INSERT INTO `users` (`id`, `firstname`, `lastname`, `email`, `password_hash`, `phone`, `is_deleted`) VALUES ('47', '', '', 's@example.net', '3fdfb499fa09e8ba5cdcfd69871a27d2b726cb8b', '79235097634', '0');
INSERT INTO `users` (`id`, `firstname`, `lastname`, `email`, `password_hash`, `phone`, `is_deleted`) VALUES ('48', '', '', '.@example.net', '84b33508d5973e1e605c44dc85eb47830c572926', '79476702339', '0');
INSERT INTO `users` (`id`, `firstname`, `lastname`, `email`, `password_hash`, `phone`, `is_deleted`) VALUES ('49', '', '', 'e@example.com', '40e0cc92dab78870c6fb44cd0a68b19be0163dd0', '79679859738', '0');
INSERT INTO `users` (`id`, `firstname`, `lastname`, `email`, `password_hash`, `phone`, `is_deleted`) VALUES ('50', '', '', '.@example.net', '27a462c13cdbb8a594e90aada085c2691b8033d0', '79971026283', '1');
INSERT INTO `users` (`id`, `firstname`, `lastname`, `email`, `password_hash`, `phone`, `is_deleted`) VALUES ('51', '', '', '.@example.org', 'a070968a6edbe44421a157088d2e7c4198ac7e33', '79099299644', '1');
INSERT INTO `users` (`id`, `firstname`, `lastname`, `email`, `password_hash`, `phone`, `is_deleted`) VALUES ('52', '', '', '.@example.com', '3755cbbdd277157d93d77a2cadf39db3a6d77b71', '79008881815', '0');
INSERT INTO `users` (`id`, `firstname`, `lastname`, `email`, `password_hash`, `phone`, `is_deleted`) VALUES ('53', '', '', './@example.org', 'ee550b52611671f029076bfa08bbc495ffeb63cc', '79652118851', '1');
INSERT INTO `users` (`id`, `firstname`, `lastname`, `email`, `password_hash`, `phone`, `is_deleted`) VALUES ('54', '', '', 'h@example.org', '7741224b8fb9e8d03b63c6bf168dad7623a7bdbb', '79390629598', '0');
INSERT INTO `users` (`id`, `firstname`, `lastname`, `email`, `password_hash`, `phone`, `is_deleted`) VALUES ('55', '', '', '58@example.com', '690e813a151e90b81add534ae25df54766767221', '79197683292', '1');
INSERT INTO `users` (`id`, `firstname`, `lastname`, `email`, `password_hash`, `phone`, `is_deleted`) VALUES ('56', '', '', 'w@example.com', 'ab064516c4fe3bd5796c210839c1da12ced652aa', '79206996319', '1');
INSERT INTO `users` (`id`, `firstname`, `lastname`, `email`, `password_hash`, `phone`, `is_deleted`) VALUES ('57', '', '', '.@example.net', '6c54e7c7a5915f878656a0291e9ab07b0a1d9295', '79816000740', '1');
INSERT INTO `users` (`id`, `firstname`, `lastname`, `email`, `password_hash`, `phone`, `is_deleted`) VALUES ('58', '', '', '.@example.org', '363b8a1639fa355a7d3016e9f934097190bca62d', '79800398781', '1');
INSERT INTO `users` (`id`, `firstname`, `lastname`, `email`, `password_hash`, `phone`, `is_deleted`) VALUES ('59', '', '', '.@example.org', '08d8d3b4a5ab2ffb2b640ac5573e491985c115f4', '79246191549', '1');
INSERT INTO `users` (`id`, `firstname`, `lastname`, `email`, `password_hash`, `phone`, `is_deleted`) VALUES ('60', '', '', '.@example.com', '603d3f62b066275662680fa3da99ba5a1d1fe2ba', '79492668182', '0');
INSERT INTO `users` (`id`, `firstname`, `lastname`, `email`, `password_hash`, `phone`, `is_deleted`) VALUES ('61', '', '', '.@example.org', '3417c4f8a9b07acac34d9008896411c4ae96439f', '79560360166', '0');
INSERT INTO `users` (`id`, `firstname`, `lastname`, `email`, `password_hash`, `phone`, `is_deleted`) VALUES ('62', '', '', '82@example.com', '74bbd7f95245a65cd8fd85653d01dfabdfa322a2', '79765226917', '1');
INSERT INTO `users` (`id`, `firstname`, `lastname`, `email`, `password_hash`, `phone`, `is_deleted`) VALUES ('63', '', '', 't@example.net', '461217061563662ec34dbfdea3fa56dd45219bb9', '79547349279', '1');
INSERT INTO `users` (`id`, `firstname`, `lastname`, `email`, `password_hash`, `phone`, `is_deleted`) VALUES ('64', '', '', 'e@example.net', '403f85a56afc24f004d42239fbfcc62d5ff6c853', '79834500816', '0');
INSERT INTO `users` (`id`, `firstname`, `lastname`, `email`, `password_hash`, `phone`, `is_deleted`) VALUES ('65', '', '', '.@example.org', '0584794a42d7b88c075483e140912af00f47f941', '79831304490', '1');
INSERT INTO `users` (`id`, `firstname`, `lastname`, `email`, `password_hash`, `phone`, `is_deleted`) VALUES ('66', '', '', '.@example.org', '248ae6164b033d30d61091da5362a1d3ea9c76ee', '79560192061', '1');
INSERT INTO `users` (`id`, `firstname`, `lastname`, `email`, `password_hash`, `phone`, `is_deleted`) VALUES ('67', '', '', '.@example.net', '3320729ae14e382953bb483d3c3c119fdae7ed12', '79441763031', '0');
INSERT INTO `users` (`id`, `firstname`, `lastname`, `email`, `password_hash`, `phone`, `is_deleted`) VALUES ('68', '', '', '.@example.org', '0970c7b237e45651ce4ddccc3e26ecab7ede8de4', '79687164872', '0');
INSERT INTO `users` (`id`, `firstname`, `lastname`, `email`, `password_hash`, `phone`, `is_deleted`) VALUES ('69', '', '', '.@example.org', '42700d60f9ebdcb81d5e8eeb1cd81c6d1cde8f76', '79715514469', '1');
INSERT INTO `users` (`id`, `firstname`, `lastname`, `email`, `password_hash`, `phone`, `is_deleted`) VALUES ('70', '', '', 'h@example.org', '6fb47123e6889eadde769dad4020765396f0ab79', '79312649771', '0');
INSERT INTO `users` (`id`, `firstname`, `lastname`, `email`, `password_hash`, `phone`, `is_deleted`) VALUES ('71', '', '', '.@example.org', '9c9eb7375bfdbfcb997f80dbfaf951b119c0726e', '79847708759', '0');
INSERT INTO `users` (`id`, `firstname`, `lastname`, `email`, `password_hash`, `phone`, `is_deleted`) VALUES ('72', '', '', 'v@example.com', '7b505b1e8b96134b7bfac9bcc41f68d40c023754', '79620901200', '1');
INSERT INTO `users` (`id`, `firstname`, `lastname`, `email`, `password_hash`, `phone`, `is_deleted`) VALUES ('73', '', '', '61@example.com', 'e6ba2409609a98d24a17ad8db3028711337a05e9', '79943618526', '0');
INSERT INTO `users` (`id`, `firstname`, `lastname`, `email`, `password_hash`, `phone`, `is_deleted`) VALUES ('74', '', '', '.@example.net', '216d72fa49d516dc92952002deadad952f66dda1', '79786450303', '1');
INSERT INTO `users` (`id`, `firstname`, `lastname`, `email`, `password_hash`, `phone`, `is_deleted`) VALUES ('75', '', '', '02@example.net', '6e8e2d804547c168929898b6fc2a03c29b76a5ff', '79844856520', '0');
INSERT INTO `users` (`id`, `firstname`, `lastname`, `email`, `password_hash`, `phone`, `is_deleted`) VALUES ('76', '', '', '.@example.com', 'e999866d2437bca274bd4ec062dbfc26c9ce2827', '79839460507', '0');
INSERT INTO `users` (`id`, `firstname`, `lastname`, `email`, `password_hash`, `phone`, `is_deleted`) VALUES ('77', '', '', '.@example.com', '1bb8dbbada0624298ee97dfe54c7078629839557', '79527832750', '0');
INSERT INTO `users` (`id`, `firstname`, `lastname`, `email`, `password_hash`, `phone`, `is_deleted`) VALUES ('78', '', '', '.@example.net', '663d20d1b042f085adcfc2f0dcfde3364b1843fb', '79397382525', '1');
INSERT INTO `users` (`id`, `firstname`, `lastname`, `email`, `password_hash`, `phone`, `is_deleted`) VALUES ('79', '', '', '.@example.com', '46629a81fb7435ee0a8752c0fafe54a145ebb2db', '79527407944', '1');
INSERT INTO `users` (`id`, `firstname`, `lastname`, `email`, `password_hash`, `phone`, `is_deleted`) VALUES ('80', '', '', '.@example.org', '14bdfd1380f65f524de88dddf5acb060e87039d6', '79605569445', '0');
INSERT INTO `users` (`id`, `firstname`, `lastname`, `email`, `password_hash`, `phone`, `is_deleted`) VALUES ('81', '', '', '08@example.com', '125f24be2edf57fb5a5c10c782dbb7ba0a0459b4', '79188731051', '0');
INSERT INTO `users` (`id`, `firstname`, `lastname`, `email`, `password_hash`, `phone`, `is_deleted`) VALUES ('82', '', '', '.@example.org', '344b9d3700fd9f2dc9b698953c9e68f614f4d866', '79540831120', '0');
INSERT INTO `users` (`id`, `firstname`, `lastname`, `email`, `password_hash`, `phone`, `is_deleted`) VALUES ('83', '', '', 'h@example.net', '3fea0a7c28788e51b3cd49c6ec2c4a85793fd5b1', '79077783948', '1');
INSERT INTO `users` (`id`, `firstname`, `lastname`, `email`, `password_hash`, `phone`, `is_deleted`) VALUES ('84', '', '', '78@example.org', '848fa0773dbc8270615ae6d3d9e097e13671767a', '79731616172', '0');
INSERT INTO `users` (`id`, `firstname`, `lastname`, `email`, `password_hash`, `phone`, `is_deleted`) VALUES ('85', '', '', 'i@example.net', '9a7f701f7205e19925b24fb716d387b363ec4bd5', '79044836786', '0');
INSERT INTO `users` (`id`, `firstname`, `lastname`, `email`, `password_hash`, `phone`, `is_deleted`) VALUES ('86', '', '', '74@example.net', '476b016eccc059ce6550385add7d23fa83719739', '79987090299', '1');
INSERT INTO `users` (`id`, `firstname`, `lastname`, `email`, `password_hash`, `phone`, `is_deleted`) VALUES ('87', '', '', '.@example.net', 'bff24b1a8942b78e94134662c3fdc5d8b5d8e25f', '79819356189', '1');
INSERT INTO `users` (`id`, `firstname`, `lastname`, `email`, `password_hash`, `phone`, `is_deleted`) VALUES ('88', '', '', '.@example.org', 'a752bf99e6442b0e26f40036ee1b5a84f5a99bcb', '79733862097', '0');
INSERT INTO `users` (`id`, `firstname`, `lastname`, `email`, `password_hash`, `phone`, `is_deleted`) VALUES ('89', '', '', '64@example.net', '54fafca2ac0ef4d88483e7bfec243b2711aab547', '79401707538', '1');
INSERT INTO `users` (`id`, `firstname`, `lastname`, `email`, `password_hash`, `phone`, `is_deleted`) VALUES ('90', '', '', 'r@example.org', '544fc83a99c535b89e85a0c49fe504bbf1ae9fe2', '79647613556', '0');
INSERT INTO `users` (`id`, `firstname`, `lastname`, `email`, `password_hash`, `phone`, `is_deleted`) VALUES ('91', '/', '', '.@example.org', 'cb8c54c3a5465fe57a8db87022b145b81057ccea', '79515889255', '1');
INSERT INTO `users` (`id`, `firstname`, `lastname`, `email`, `password_hash`, `phone`, `is_deleted`) VALUES ('92', '', '', '16@example.net', 'af0ef0dcc95faa64a1ddb16061d273fa65b2aa40', '79235026298', '1');
INSERT INTO `users` (`id`, `firstname`, `lastname`, `email`, `password_hash`, `phone`, `is_deleted`) VALUES ('93', '', '', '.@example.net', '7866aa7fc9f2ed5c2276695ba593111548619fec', '79206814136', '1');
INSERT INTO `users` (`id`, `firstname`, `lastname`, `email`, `password_hash`, `phone`, `is_deleted`) VALUES ('94', '', '', '.@example.net', 'a780d1b5805f5f5ae9f485c75c83936c53d75217', '79053789763', '0');
INSERT INTO `users` (`id`, `firstname`, `lastname`, `email`, `password_hash`, `phone`, `is_deleted`) VALUES ('95', '', '', '.@example.org', '11c392bab827121139e9901b82581aafa0497567', '79635203521', '0');
INSERT INTO `users` (`id`, `firstname`, `lastname`, `email`, `password_hash`, `phone`, `is_deleted`) VALUES ('96', '', '', './@example.com', '7f168922c7224029a16972218c277cf31d58e97a', '79124167165', '1');
INSERT INTO `users` (`id`, `firstname`, `lastname`, `email`, `password_hash`, `phone`, `is_deleted`) VALUES ('97', '', '', '.@example.com', '6d01d4d34633f044ffd1113901174c3be5e86213', '79506533768', '1');
INSERT INTO `users` (`id`, `firstname`, `lastname`, `email`, `password_hash`, `phone`, `is_deleted`) VALUES ('98', '', '', '.@example.com', '1ca513a718048b46688a069937637f32829c457a', '79252210610', '0');
INSERT INTO `users` (`id`, `firstname`, `lastname`, `email`, `password_hash`, `phone`, `is_deleted`) VALUES ('99', '', '', '.@example.com', 'a5f8b0f9cfb107d2e1ee4145cfd31e4463009034', '79098219467', '0');
INSERT INTO `users` (`id`, `firstname`, `lastname`, `email`, `password_hash`, `phone`, `is_deleted`) VALUES ('100', '', '', '.@example.com', '548a0122d7a95187ce5f3b0aae84b0824bb35739', '79991120865', '1');


